Time,Team,Operation,BuyVolume,SellVolume,EtfPosition,FuturePosition,EtfPrice,FuturePrice,TotalFees,AccountBalance,ProfitOrLoss,Status
9e-06,standard_deviation_activity_lots_autotrader,Tick,0,0,0,0,,,0,0,0,OK
0.214518,standard_deviation_activity_lots_autotrader,Tick,0,0,0,0,,,0,0,0,OK
0.547488,standard_deviation_activity_lots_autotrader,Tick,0,10,-10,10,148900,,-149,4149,4149,OK
0.708669,standard_deviation_activity_lots_autotrader,Tick,0,20,-20,20,148700,,148,6852,6852,OK
1.021588,standard_deviation_activity_lots_autotrader,Tick,0,24,-24,24,148700,148400,267,7533,2733,OK
1.216529,standard_deviation_activity_lots_autotrader,Tick,10,24,-14,14,147900,148700,119,15681,18481,OK
1.454268,standard_deviation_activity_lots_autotrader,Tick,10,24,-14,14,147900,148800,119,15681,18481,OK
1.725353,standard_deviation_activity_lots_autotrader,Tick,10,24,-14,14,147900,148800,119,15681,18481,OK
2.038635,standard_deviation_activity_lots_autotrader,Tick,10,34,-24,24,149100,148800,-30,16830,12030,OK
2.211937,standard_deviation_activity_lots_autotrader,Tick,10,34,-24,24,149100,148800,-30,16830,12030,OK
2.500593,standard_deviation_activity_lots_autotrader,Tick,10,34,-24,24,149100,148800,-30,16830,12030,OK
2.778832,standard_deviation_activity_lots_autotrader,Tick,10,34,-24,24,149100,148800,-30,16830,12030,OK
2.994737,standard_deviation_activity_lots_autotrader,Tick,10,34,-24,24,149100,148800,-30,16830,12030,OK
3.257085,standard_deviation_activity_lots_autotrader,Tick,10,34,-24,24,149100,148800,-30,16830,12030,OK
3.502492,standard_deviation_activity_lots_autotrader,Tick,10,34,-24,24,149100,148800,-30,16830,12030,OK
3.775485,standard_deviation_activity_lots_autotrader,Tick,20,34,-14,14,148600,148800,-179,16979,19779,OK
4.03124,standard_deviation_activity_lots_autotrader,Tick,20,34,-14,14,148600,149000,-179,16979,19779,OK
4.277749,standard_deviation_activity_lots_autotrader,Tick,20,34,-14,14,148500,148900,-179,16979,19779,OK
4.457955,standard_deviation_activity_lots_autotrader,Tick,24,34,-10,10,148500,148900,-60,18860,20860,OK
4.718441,standard_deviation_activity_lots_autotrader,Tick,24,34,-10,10,149100,148900,-60,18860,16860,OK
5.003479,standard_deviation_activity_lots_autotrader,Tick,34,34,0,0,148500,149000,-209,21009,21009,OK
5.283813,standard_deviation_activity_lots_autotrader,Tick,44,34,10,0,148400,148800,-357,-1463843,22157,OK
5.505706,standard_deviation_activity_lots_autotrader,Tick,44,34,10,-10,148400,148800,-357,24157,22157,OK
5.777731,standard_deviation_activity_lots_autotrader,Tick,44,34,10,-10,148400,148800,-357,24157,22157,OK
6.031079,standard_deviation_activity_lots_autotrader,Tick,44,34,10,-10,148400,148800,-357,24157,22157,OK
6.284451,standard_deviation_activity_lots_autotrader,Tick,44,34,10,-10,148400,148800,-357,24157,22157,OK
6.493056,standard_deviation_activity_lots_autotrader,Tick,44,34,10,-10,148400,148800,-357,24157,22157,OK
6.750874,standard_deviation_activity_lots_autotrader,Tick,54,34,20,-20,148900,148800,-506,23306,25306,OK
6.958495,standard_deviation_activity_lots_autotrader,Tick,64,34,30,-30,148300,148800,-209,27009,21009,OK
7.267917,standard_deviation_activity_lots_autotrader,Tick,74,34,40,-40,148300,148800,88,30712,22712,OK
7.552526,standard_deviation_activity_lots_autotrader,Tick,74,34,40,-40,148300,148800,88,30712,22712,OK
7.726927,standard_deviation_activity_lots_autotrader,Tick,74,34,40,-40,148300,148800,88,30712,22712,OK
8.009249,standard_deviation_activity_lots_autotrader,Tick,74,34,40,-40,148300,149200,88,30712,22712,OK
8.277363,standard_deviation_activity_lots_autotrader,Tick,74,34,40,-40,149100,149200,88,30712,26712,OK
8.489737,standard_deviation_activity_lots_autotrader,Tick,84,34,50,-50,149200,149200,386,30414,30414,OK
8.755579,standard_deviation_activity_lots_autotrader,Tick,94,34,60,-60,149800,149200,684,29116,41116,OK
9.0253,standard_deviation_activity_lots_autotrader,Tick,94,34,60,-60,149800,149200,684,29116,41116,OK
9.321708,standard_deviation_activity_lots_autotrader,Tick,94,34,60,-60,149800,149600,684,29116,41116,OK
9.540978,standard_deviation_activity_lots_autotrader,Tick,94,34,60,-60,149800,149900,684,29116,23116,OK
9.739595,standard_deviation_activity_lots_autotrader,Tick,94,34,60,-60,149800,149900,684,29116,23116,OK
9.957889,standard_deviation_activity_lots_autotrader,Tick,94,34,60,-60,149800,149900,684,29116,23116,OK
10.272283,standard_deviation_activity_lots_autotrader,Tick,104,34,70,-70,149700,149800,534,30266,23266,OK
10.501567,standard_deviation_activity_lots_autotrader,Tick,104,34,70,-70,149400,149800,534,30266,9266,OK
10.755214,standard_deviation_activity_lots_autotrader,Tick,114,34,80,-80,149400,150000,833,32967,8967,OK
11.008872,standard_deviation_activity_lots_autotrader,Tick,114,34,80,-80,149400,150000,833,32967,8967,OK
11.252986,standard_deviation_activity_lots_autotrader,Tick,124,34,90,-90,149400,150100,1132,37668,10668,OK
11.543852,standard_deviation_activity_lots_autotrader,Tick,124,34,90,-90,150800,150100,1132,37668,64668,OK
11.793567,standard_deviation_activity_lots_autotrader,Tick,124,34,90,-90,150800,150400,1132,37668,64668,OK
12.017729,standard_deviation_activity_lots_autotrader,Tick,124,34,90,-90,150800,150900,1132,37668,28668,OK
12.273164,standard_deviation_activity_lots_autotrader,Tick,124,34,90,-90,150800,150900,1132,37668,28668,OK
12.505701,standard_deviation_activity_lots_autotrader,Tick,124,34,90,-90,150800,150900,1132,37668,28668,OK
12.742493,standard_deviation_activity_lots_autotrader,Tick,124,34,90,-90,150800,151100,1132,37668,10668,OK
13.01668,standard_deviation_activity_lots_autotrader,Tick,124,34,90,-90,150800,150900,1132,37668,28668,OK
13.297162,standard_deviation_activity_lots_autotrader,Tick,124,34,90,-90,150900,150900,1132,37668,37668,OK
13.475518,standard_deviation_activity_lots_autotrader,Tick,124,34,90,-90,150900,150900,1132,37668,37668,OK
13.793595,standard_deviation_activity_lots_autotrader,Tick,124,34,90,-90,150900,150900,1132,37668,37668,OK
14.038902,standard_deviation_activity_lots_autotrader,Tick,124,34,90,-90,150400,151200,1132,37668,10668,OK
14.21286,standard_deviation_activity_lots_autotrader,Tick,124,34,90,-90,150900,151200,1132,37668,10668,OK
14.473979,standard_deviation_activity_lots_autotrader,Tick,124,34,90,-90,150900,151100,1132,37668,19668,OK
14.750102,standard_deviation_activity_lots_autotrader,Tick,124,44,80,-80,151800,151200,981,37819,61819,OK
14.955369,standard_deviation_activity_lots_autotrader,Tick,124,44,80,-80,151800,150900,981,37819,61819,OK
15.316269,standard_deviation_activity_lots_autotrader,Tick,134,50,84,-84,150700,151500,739,43861,18661,OK
15.452908,standard_deviation_activity_lots_autotrader,Tick,140,50,90,-90,150700,151500,920,47880,20880,OK
15.794483,standard_deviation_activity_lots_autotrader,Tick,140,60,80,-80,152000,151500,768,49032,73032,OK
16.075787,standard_deviation_activity_lots_autotrader,Tick,140,60,80,-80,152000,151400,768,49032,73032,OK
16.264958,standard_deviation_activity_lots_autotrader,Tick,140,60,80,-80,152000,151200,768,49032,73032,OK
16.495638,standard_deviation_activity_lots_autotrader,Tick,140,60,80,-80,152000,151200,768,49032,73032,OK
16.739055,standard_deviation_activity_lots_autotrader,Tick,140,60,80,-80,152000,151600,768,49032,73032,OK
17.002754,standard_deviation_activity_lots_autotrader,Tick,140,60,80,-80,152000,151600,768,49032,73032,OK
17.227639,standard_deviation_activity_lots_autotrader,Tick,140,60,80,-80,152000,151600,768,49032,73032,OK
17.517269,standard_deviation_activity_lots_autotrader,Tick,140,70,70,-70,152300,152200,616,45184,52184,OK
17.749068,standard_deviation_activity_lots_autotrader,Tick,140,70,70,-70,152300,152200,616,45184,52184,OK
17.994886,standard_deviation_activity_lots_autotrader,Tick,140,70,70,-70,152300,152000,616,45184,66184,OK
18.298596,standard_deviation_activity_lots_autotrader,Tick,140,70,70,-70,152300,151900,616,45184,66184,OK
18.474109,standard_deviation_activity_lots_autotrader,Tick,140,70,70,-70,152300,151900,616,45184,66184,OK
18.773661,standard_deviation_activity_lots_autotrader,Tick,140,70,70,-70,152300,151900,616,45184,66184,OK
18.99406,standard_deviation_activity_lots_autotrader,Tick,140,70,70,-70,152300,151900,616,45184,66184,OK
19.250159,standard_deviation_activity_lots_autotrader,Tick,140,70,70,-70,152300,151900,616,45184,66184,OK
19.502273,standard_deviation_activity_lots_autotrader,Tick,140,70,70,-70,151000,151500,616,45184,24184,OK
19.796858,standard_deviation_activity_lots_autotrader,Tick,140,70,70,-70,151000,151900,616,45184,24184,OK
19.992501,standard_deviation_activity_lots_autotrader,Tick,140,70,70,-70,151000,151900,616,45184,24184,OK
20.273551,standard_deviation_activity_lots_autotrader,Tick,140,70,70,-70,151000,151900,616,45184,24184,OK
20.548684,standard_deviation_activity_lots_autotrader,Tick,140,70,70,-70,151000,151900,616,45184,24184,OK
20.777925,standard_deviation_activity_lots_autotrader,Tick,140,70,70,-70,151000,152100,616,45184,24184,OK
21.013935,standard_deviation_activity_lots_autotrader,Tick,140,70,70,-70,151000,152000,616,45184,24184,OK
21.24644,standard_deviation_activity_lots_autotrader,Tick,140,70,70,-70,151000,152000,616,45184,24184,OK
21.501403,standard_deviation_activity_lots_autotrader,Tick,140,70,70,-70,151000,152000,616,45184,24184,OK
21.755585,standard_deviation_activity_lots_autotrader,Tick,140,70,70,-70,151000,152000,616,45184,24184,OK
21.958205,standard_deviation_activity_lots_autotrader,Tick,140,70,70,-70,151000,152000,616,45184,24184,OK
22.231349,standard_deviation_activity_lots_autotrader,Tick,140,70,70,-70,152300,152000,616,45184,66184,OK
22.519083,standard_deviation_activity_lots_autotrader,Tick,140,80,60,-60,152600,152000,464,48336,66336,OK
22.743697,standard_deviation_activity_lots_autotrader,Tick,140,80,60,-60,152600,152000,464,48336,66336,OK
23.019617,standard_deviation_activity_lots_autotrader,Tick,140,80,60,-60,152600,151800,464,48336,66336,OK
23.286465,standard_deviation_activity_lots_autotrader,Tick,140,80,60,-60,152600,151600,464,48336,66336,OK
23.457279,standard_deviation_activity_lots_autotrader,Tick,140,80,60,-60,152600,151600,464,48336,66336,OK
23.732019,standard_deviation_activity_lots_autotrader,Tick,140,80,60,-60,152600,151500,464,48336,66336,OK
24.043168,standard_deviation_activity_lots_autotrader,Tick,140,80,60,-60,152600,151500,464,48336,66336,OK
24.290922,standard_deviation_activity_lots_autotrader,Tick,140,80,60,-60,152600,151400,464,48336,66336,OK
24.485417,standard_deviation_activity_lots_autotrader,Tick,143,90,53,-53,151100,151400,267,53133,37233,OK
24.759849,standard_deviation_activity_lots_autotrader,Tick,143,90,53,-53,151100,151400,267,53133,37233,OK
25.045946,standard_deviation_activity_lots_autotrader,Tick,143,90,53,-53,151100,151100,267,53133,53133,OK
25.214802,standard_deviation_activity_lots_autotrader,Tick,143,90,53,-53,151100,151100,267,53133,53133,OK
25.523299,standard_deviation_activity_lots_autotrader,Tick,143,90,53,-53,151100,151100,267,53133,53133,OK
25.732726,standard_deviation_activity_lots_autotrader,Tick,143,90,53,-53,151100,151100,267,53133,53133,OK
26.00808,standard_deviation_activity_lots_autotrader,Tick,143,90,53,-53,151100,151100,267,53133,53133,OK
26.230378,standard_deviation_activity_lots_autotrader,Tick,143,90,53,-53,151100,151100,267,53133,53133,OK
26.470355,standard_deviation_activity_lots_autotrader,Tick,143,90,53,-53,151100,151000,267,53133,58433,OK
26.74748,standard_deviation_activity_lots_autotrader,Tick,143,90,53,-53,151100,151000,267,53133,58433,OK
27.038227,standard_deviation_activity_lots_autotrader,Tick,143,90,53,-53,151100,151000,267,53133,58433,OK
27.295218,standard_deviation_activity_lots_autotrader,Tick,153,90,63,-63,150500,151000,116,59284,40384,OK
27.492493,standard_deviation_activity_lots_autotrader,Tick,153,90,63,-63,150500,151000,116,59284,40384,OK
27.792414,standard_deviation_activity_lots_autotrader,Tick,153,90,63,-63,150500,151500,116,59284,40384,OK
28.033074,standard_deviation_activity_lots_autotrader,Tick,153,90,63,-63,150500,151500,116,59284,40384,OK
28.242003,standard_deviation_activity_lots_autotrader,Tick,153,90,63,-63,150500,151500,116,59284,40384,OK
28.468108,standard_deviation_activity_lots_autotrader,Tick,153,90,63,-63,150500,151500,116,59284,40384,OK
28.720099,standard_deviation_activity_lots_autotrader,Tick,153,90,63,-63,150500,151500,116,59284,40384,OK
28.981197,standard_deviation_activity_lots_autotrader,Tick,153,90,63,-63,150500,151500,116,59284,40384,OK
29.217995,standard_deviation_activity_lots_autotrader,Tick,153,90,63,-63,150500,151500,116,59284,40384,OK
29.504006,standard_deviation_activity_lots_autotrader,Tick,153,90,63,-63,150500,151500,116,59284,40384,OK
29.776866,standard_deviation_activity_lots_autotrader,Tick,153,90,63,-63,150500,151500,116,59284,40384,OK
29.976576,standard_deviation_activity_lots_autotrader,Tick,163,90,73,-73,151200,151100,418,58982,66282,OK
30.275652,standard_deviation_activity_lots_autotrader,Tick,163,100,63,-63,151200,151100,720,58680,64980,OK
30.499678,standard_deviation_activity_lots_autotrader,Tick,173,100,73,-73,151200,151100,1022,57378,64678,OK
30.765895,standard_deviation_activity_lots_autotrader,Tick,173,110,63,-63,151100,150900,1324,57076,69676,OK
31.041895,standard_deviation_activity_lots_autotrader,Tick,173,120,53,-53,151100,150900,1626,58774,69374,OK
31.247782,standard_deviation_activity_lots_autotrader,Tick,173,130,43,-43,151100,150900,1928,59472,68072,OK
31.533938,standard_deviation_activity_lots_autotrader,Tick,173,140,33,-33,151100,150900,2230,60170,66770,OK
31.726408,standard_deviation_activity_lots_autotrader,Tick,173,140,33,-33,151100,151100,2230,60170,60170,OK
32.037911,standard_deviation_activity_lots_autotrader,Tick,180,140,40,-40,151200,151100,2125,63075,67075,OK
32.299837,standard_deviation_activity_lots_autotrader,Tick,180,140,40,-40,151200,151100,2125,63075,67075,OK
32.519321,standard_deviation_activity_lots_autotrader,Tick,180,140,40,-40,151200,150900,2125,63075,75075,OK
32.801147,standard_deviation_activity_lots_autotrader,Tick,180,140,40,-40,151200,150800,2125,63075,75075,OK
32.972364,standard_deviation_activity_lots_autotrader,Tick,180,140,40,-40,151200,150400,2125,63075,75075,OK
33.289842,standard_deviation_activity_lots_autotrader,Tick,180,140,40,-40,151200,150300,2125,63075,75075,OK
33.551229,standard_deviation_activity_lots_autotrader,Tick,180,140,40,-40,151200,150300,2125,63075,75075,OK
33.720011,standard_deviation_activity_lots_autotrader,Tick,180,140,40,-40,151200,150300,2125,63075,75075,OK
33.999422,standard_deviation_activity_lots_autotrader,Tick,180,140,40,-40,151200,150300,2125,63075,75075,OK
34.25415,standard_deviation_activity_lots_autotrader,Tick,180,140,40,-40,151200,150200,2125,63075,75075,OK
34.458594,standard_deviation_activity_lots_autotrader,Tick,180,140,40,-40,151200,150200,2125,63075,75075,OK
34.737267,standard_deviation_activity_lots_autotrader,Tick,180,140,40,-40,151200,150300,2125,63075,75075,OK
35.022845,standard_deviation_activity_lots_autotrader,Tick,180,140,40,-40,151200,150300,2125,63075,75075,OK
35.299499,standard_deviation_activity_lots_autotrader,Tick,180,140,40,-40,151200,150200,2125,63075,75075,OK
35.51761,standard_deviation_activity_lots_autotrader,Tick,180,140,40,-40,151200,150200,2125,63075,75075,OK
35.776486,standard_deviation_activity_lots_autotrader,Tick,180,140,40,-40,151200,150200,2125,63075,75075,OK
35.972214,standard_deviation_activity_lots_autotrader,Tick,180,140,40,-40,151200,150200,2125,63075,75075,OK
36.254535,standard_deviation_activity_lots_autotrader,Tick,180,140,40,-40,151200,150400,2125,63075,75075,OK
36.482162,standard_deviation_activity_lots_autotrader,Tick,180,140,40,-40,151200,150400,2125,63075,75075,OK
36.767737,standard_deviation_activity_lots_autotrader,Tick,180,140,40,-40,151200,150400,2125,63075,75075,OK
37.03487,standard_deviation_activity_lots_autotrader,Tick,180,140,40,-40,151200,150400,2125,63075,75075,OK
37.206944,standard_deviation_activity_lots_autotrader,Tick,180,140,40,-40,151200,150400,2125,63075,75075,OK
37.48777,standard_deviation_activity_lots_autotrader,Tick,180,140,40,-40,151200,150200,2125,63075,75075,OK
37.734599,standard_deviation_activity_lots_autotrader,Tick,180,140,40,-40,151200,150200,2125,63075,75075,OK
37.978152,standard_deviation_activity_lots_autotrader,Tick,180,140,40,-40,151200,150200,2125,63075,75075,OK
38.282311,standard_deviation_activity_lots_autotrader,Tick,180,140,40,-40,151200,150200,2125,63075,75075,OK
38.468954,standard_deviation_activity_lots_autotrader,Tick,180,140,40,-40,151200,150200,2125,63075,75075,OK
38.763551,standard_deviation_activity_lots_autotrader,Tick,190,140,50,-50,150400,150300,2426,60774,65774,OK
39.026912,standard_deviation_activity_lots_autotrader,Tick,190,140,50,-50,150400,150300,2426,60774,65774,OK
39.2148,standard_deviation_activity_lots_autotrader,Tick,190,140,50,-50,150600,150300,2426,60774,75774,OK
39.545024,standard_deviation_activity_lots_autotrader,Tick,200,140,60,-60,149800,150300,2276,62924,44924,OK
39.728658,standard_deviation_activity_lots_autotrader,Tick,210,140,70,-70,150000,150300,2126,67074,46074,OK
40.001559,standard_deviation_activity_lots_autotrader,Tick,210,140,70,-70,150000,150300,2126,67074,46074,OK
40.271157,standard_deviation_activity_lots_autotrader,Tick,210,140,70,-70,150400,150300,2126,67074,74074,OK
40.461818,standard_deviation_activity_lots_autotrader,Tick,210,140,70,-70,150400,150900,2126,67074,46074,OK
40.795317,standard_deviation_activity_lots_autotrader,Tick,210,140,70,-70,151200,150900,2126,67074,88074,OK
41.07834,standard_deviation_activity_lots_autotrader,Tick,210,150,60,-60,151200,151200,1975,68225,68225,OK
41.245124,standard_deviation_activity_lots_autotrader,Tick,210,150,60,-60,151200,151200,1975,68225,68225,OK
41.500665,standard_deviation_activity_lots_autotrader,Tick,210,150,60,-60,151200,151200,1975,68225,68225,OK
41.782702,standard_deviation_activity_lots_autotrader,Tick,210,150,60,-60,151200,151200,1975,68225,68225,OK
41.998007,standard_deviation_activity_lots_autotrader,Tick,210,150,60,-60,151200,151200,1975,68225,68225,OK
42.26585,standard_deviation_activity_lots_autotrader,Tick,220,150,70,-70,151200,151400,2277,66923,52923,OK
42.38728,standard_deviation_activity_lots_autotrader,Disconnect,220,150,70,-70,151200,151500,2277,66923,52923,
42.466461,standard_deviation_activity_lots_autotrader,Tick,220,150,70,-70,151200,151500,2277,66923,45923,OK
42.796432,standard_deviation_activity_lots_autotrader,Tick,220,150,70,-70,151200,151500,2277,66923,45923,OK
42.991769,standard_deviation_activity_lots_autotrader,Tick,220,150,70,-70,151200,151400,2277,66923,52923,OK
43.284626,standard_deviation_activity_lots_autotrader,Tick,220,150,70,-70,151200,151400,2277,66923,52923,OK
43.492731,standard_deviation_activity_lots_autotrader,Tick,220,150,70,-70,151200,151400,2277,66923,52923,OK
43.72419,standard_deviation_activity_lots_autotrader,Tick,220,150,70,-70,151200,151600,2277,66923,45923,OK
43.996544,standard_deviation_activity_lots_autotrader,Tick,220,150,70,-70,151200,151600,2277,66923,45923,OK
44.208064,standard_deviation_activity_lots_autotrader,Tick,220,150,70,-70,151200,151600,2277,66923,45923,OK
44.551289,standard_deviation_activity_lots_autotrader,Tick,220,150,70,-70,151200,151600,2277,66923,45923,OK
44.777897,standard_deviation_activity_lots_autotrader,Tick,220,150,70,-70,151200,151600,2277,66923,45923,OK
44.975243,standard_deviation_activity_lots_autotrader,Tick,220,150,70,-70,151200,151600,2277,66923,45923,OK
45.223527,standard_deviation_activity_lots_autotrader,Tick,220,150,70,-70,151200,151600,2277,66923,45923,OK
45.537385,standard_deviation_activity_lots_autotrader,Tick,220,150,70,-70,151200,151300,2277,66923,59923,OK
45.746018,standard_deviation_activity_lots_autotrader,Tick,220,150,70,-70,151200,151300,2277,66923,59923,OK
46.023289,standard_deviation_activity_lots_autotrader,Tick,220,150,70,-70,151200,151300,2277,66923,59923,OK
46.245753,standard_deviation_activity_lots_autotrader,Tick,220,150,70,-70,151200,151200,2277,66923,66923,OK
46.512636,standard_deviation_activity_lots_autotrader,Tick,220,150,70,-70,151200,151100,2277,66923,73923,OK
46.793569,standard_deviation_activity_lots_autotrader,Tick,220,150,70,-70,151200,151100,2277,66923,73923,OK
46.962162,standard_deviation_activity_lots_autotrader,Tick,220,150,70,-70,151200,151100,2277,66923,73923,OK
47.254178,standard_deviation_activity_lots_autotrader,Tick,220,150,70,-70,151200,151100,2277,66923,73923,OK
47.512471,standard_deviation_activity_lots_autotrader,Tick,220,150,70,-70,151200,151100,2277,66923,73923,OK
47.81099,standard_deviation_activity_lots_autotrader,Tick,220,150,70,-70,151200,151100,2277,66923,73923,OK
48.028768,standard_deviation_activity_lots_autotrader,Tick,220,150,70,-70,151200,151100,2277,66923,73923,OK
48.231727,standard_deviation_activity_lots_autotrader,Tick,220,150,70,-70,151200,151100,2277,66923,73923,OK
48.459561,standard_deviation_activity_lots_autotrader,Tick,220,150,70,-70,151200,151100,2277,66923,73923,OK
48.721867,standard_deviation_activity_lots_autotrader,Tick,220,150,70,-70,151200,151100,2277,66923,73923,OK
49.019625,standard_deviation_activity_lots_autotrader,Tick,220,150,70,-70,151200,151100,2277,66923,73923,OK
49.292462,standard_deviation_activity_lots_autotrader,Tick,220,150,70,-70,151200,151100,2277,66923,73923,OK
49.503919,standard_deviation_activity_lots_autotrader,Tick,220,150,70,-70,151200,151100,2277,66923,73923,OK
49.736529,standard_deviation_activity_lots_autotrader,Tick,220,150,70,-70,151200,151100,2277,66923,73923,OK
50.009655,standard_deviation_activity_lots_autotrader,Tick,220,150,70,-70,150700,151000,2277,66923,45923,OK
50.298593,standard_deviation_activity_lots_autotrader,Tick,220,150,70,-70,150700,151000,2277,66923,45923,OK
50.528403,standard_deviation_activity_lots_autotrader,Tick,220,150,70,-70,151500,151000,2277,66923,87923,OK
50.704632,standard_deviation_activity_lots_autotrader,Tick,220,150,70,-70,151500,151000,2277,66923,87923,OK
50.965601,standard_deviation_activity_lots_autotrader,Tick,220,150,70,-70,151500,151000,2277,66923,87923,OK
51.215033,standard_deviation_activity_lots_autotrader,Tick,220,150,70,-70,150700,151000,2277,66923,45923,OK
51.470032,standard_deviation_activity_lots_autotrader,Tick,220,150,70,-70,150700,151000,2277,66923,45923,OK
51.795208,standard_deviation_activity_lots_autotrader,Tick,220,150,70,-70,150700,150800,2277,66923,59923,OK
52.003898,standard_deviation_activity_lots_autotrader,Tick,220,150,70,-70,150700,150800,2277,66923,59923,OK
52.225167,standard_deviation_activity_lots_autotrader,Tick,220,150,70,-70,150700,150800,2277,66923,59923,OK
52.458318,standard_deviation_activity_lots_autotrader,Tick,220,150,70,-70,150700,150800,2277,66923,59923,OK
52.794631,standard_deviation_activity_lots_autotrader,Tick,220,150,70,-70,150700,150800,2277,66923,59923,OK
52.967952,standard_deviation_activity_lots_autotrader,Tick,220,150,70,-70,151400,150800,2277,66923,87923,OK
53.307192,standard_deviation_activity_lots_autotrader,Tick,220,150,70,-70,151400,150800,2277,66923,87923,OK
53.499116,standard_deviation_activity_lots_autotrader,Tick,220,150,70,-70,151400,151000,2277,66923,87923,OK
53.780194,standard_deviation_activity_lots_autotrader,Tick,220,150,70,-70,151400,151000,2277,66923,87923,OK
53.994333,standard_deviation_activity_lots_autotrader,Tick,220,150,70,-70,151400,151000,2277,66923,87923,OK
54.220013,standard_deviation_activity_lots_autotrader,Tick,220,150,70,-70,151400,151000,2277,66923,87923,OK
54.532395,standard_deviation_activity_lots_autotrader,Tick,220,150,70,-70,151400,151000,2277,66923,87923,OK
54.742159,standard_deviation_activity_lots_autotrader,Tick,220,150,70,-70,151400,151000,2277,66923,87923,OK
55.017913,standard_deviation_activity_lots_autotrader,Tick,220,150,70,-70,151400,151000,2277,66923,87923,OK
55.20964,standard_deviation_activity_lots_autotrader,Tick,220,150,70,-70,151400,151000,2277,66923,87923,OK
55.507537,standard_deviation_activity_lots_autotrader,Tick,220,150,70,-70,151400,151000,2277,66923,87923,OK
55.753608,standard_deviation_activity_lots_autotrader,Tick,220,150,70,-70,150700,151000,2277,66923,45923,OK
56.035853,standard_deviation_activity_lots_autotrader,Tick,220,150,70,-70,150700,151000,2277,66923,45923,OK
56.298175,standard_deviation_activity_lots_autotrader,Tick,220,150,70,-70,150700,151300,2277,66923,45923,OK
56.487435,standard_deviation_activity_lots_autotrader,Tick,220,150,70,-70,150700,151300,2277,66923,45923,OK
56.787238,standard_deviation_activity_lots_autotrader,Tick,220,150,70,-70,150700,151400,2277,66923,45923,OK
57.013618,standard_deviation_activity_lots_autotrader,Tick,220,150,70,-70,150700,152000,2277,66923,45923,OK
57.224561,standard_deviation_activity_lots_autotrader,Tick,220,150,70,-70,151500,152000,2277,66923,45923,OK
57.514061,standard_deviation_activity_lots_autotrader,Tick,220,150,70,-70,151400,152000,2277,66923,45923,OK
57.753441,standard_deviation_activity_lots_autotrader,Tick,220,150,70,-70,151400,152000,2277,66923,45923,OK
58.038563,standard_deviation_activity_lots_autotrader,Tick,220,150,70,-70,151400,151800,2277,66923,45923,OK
58.211127,standard_deviation_activity_lots_autotrader,Tick,220,150,70,-70,151400,151800,2277,66923,45923,OK
58.471876,standard_deviation_activity_lots_autotrader,Tick,220,150,70,-70,151600,151800,2277,66923,52923,OK
58.748834,standard_deviation_activity_lots_autotrader,Tick,220,150,70,-70,151600,151800,2277,66923,52923,OK
58.987485,standard_deviation_activity_lots_autotrader,Tick,220,150,70,-70,151600,151800,2277,66923,52923,OK
59.27952,standard_deviation_activity_lots_autotrader,Tick,220,150,70,-70,151600,151800,2277,66923,52923,OK
59.477069,standard_deviation_activity_lots_autotrader,Tick,220,150,70,-70,151600,151800,2277,66923,52923,OK
59.705893,standard_deviation_activity_lots_autotrader,Tick,220,150,70,-70,151600,151800,2277,66923,52923,OK
59.96875,standard_deviation_activity_lots_autotrader,Tick,220,150,70,-70,151600,151300,2277,66923,87923,OK
60.203522,standard_deviation_activity_lots_autotrader,Tick,220,150,70,-70,151600,151300,2277,66923,87923,OK
60.553275,standard_deviation_activity_lots_autotrader,Tick,220,150,70,-70,151600,151300,2277,66923,87923,OK
60.760844,standard_deviation_activity_lots_autotrader,Tick,220,150,70,-70,151600,151300,2277,66923,87923,OK
60.958789,standard_deviation_activity_lots_autotrader,Tick,220,150,70,-70,151600,151400,2277,66923,80923,OK
61.306076,standard_deviation_activity_lots_autotrader,Tick,220,150,70,-70,151600,151500,2277,66923,73923,OK
61.45758,standard_deviation_activity_lots_autotrader,Tick,220,150,70,-70,151600,151500,2277,66923,73923,OK
61.80014,standard_deviation_activity_lots_autotrader,Tick,220,150,70,-70,151400,151100,2277,66923,87923,OK
62.050443,standard_deviation_activity_lots_autotrader,Tick,220,150,70,-70,151400,150900,2277,66923,87923,OK
62.259955,standard_deviation_activity_lots_autotrader,Tick,220,150,70,-70,151400,150900,2277,66923,87923,OK
62.523953,standard_deviation_activity_lots_autotrader,Tick,220,150,70,-70,151400,150900,2277,66923,87923,OK
62.757592,standard_deviation_activity_lots_autotrader,Tick,220,150,70,-70,151400,151100,2277,66923,87923,OK
63.050005,standard_deviation_activity_lots_autotrader,Tick,220,150,70,-70,151400,151000,2277,66923,87923,OK
63.244457,standard_deviation_activity_lots_autotrader,Tick,220,150,70,-70,151400,151100,2277,66923,87923,OK
63.490526,standard_deviation_activity_lots_autotrader,Tick,220,150,70,-70,151400,150800,2277,66923,87923,OK
63.751547,standard_deviation_activity_lots_autotrader,Tick,220,150,70,-70,151400,150900,2277,66923,87923,OK
64.002327,standard_deviation_activity_lots_autotrader,Tick,220,150,70,-70,151400,150900,2277,66923,87923,OK
64.245939,standard_deviation_activity_lots_autotrader,Tick,220,150,70,-70,151400,150800,2277,66923,87923,OK
64.530163,standard_deviation_activity_lots_autotrader,Tick,220,150,70,-70,151400,150800,2277,66923,87923,OK
64.737023,standard_deviation_activity_lots_autotrader,Tick,220,150,70,-70,151400,150800,2277,66923,87923,OK
65.013893,standard_deviation_activity_lots_autotrader,Tick,220,150,70,-70,151400,150700,2277,66923,87923,OK
65.257916,standard_deviation_activity_lots_autotrader,Tick,220,150,70,-70,151400,150700,2277,66923,87923,OK
65.548561,standard_deviation_activity_lots_autotrader,Tick,220,150,70,-70,151400,150800,2277,66923,87923,OK
65.786247,standard_deviation_activity_lots_autotrader,Tick,220,150,70,-70,151400,150800,2277,66923,87923,OK
66.003224,standard_deviation_activity_lots_autotrader,Tick,220,150,70,-70,151400,150800,2277,66923,87923,OK
66.241088,standard_deviation_activity_lots_autotrader,Tick,220,150,70,-70,151400,150800,2277,66923,87923,OK
66.51664,standard_deviation_activity_lots_autotrader,Tick,220,150,70,-70,151400,150800,2277,66923,87923,OK
66.79064,standard_deviation_activity_lots_autotrader,Tick,220,150,70,-70,151300,150800,2277,66923,87923,OK
67.012225,standard_deviation_activity_lots_autotrader,Tick,220,150,70,-70,151300,150800,2277,66923,87923,OK
67.261826,standard_deviation_activity_lots_autotrader,Tick,220,150,70,-70,151000,150800,2277,66923,80923,OK
67.547346,standard_deviation_activity_lots_autotrader,Tick,220,150,70,-70,151000,150800,2277,66923,80923,OK
67.785403,standard_deviation_activity_lots_autotrader,Tick,220,150,70,-70,151000,150800,2277,66923,80923,OK
68.042901,standard_deviation_activity_lots_autotrader,Tick,220,150,70,-70,151000,150800,2277,66923,80923,OK
68.302382,standard_deviation_activity_lots_autotrader,Tick,220,150,70,-70,151000,150800,2277,66923,80923,OK
68.543044,standard_deviation_activity_lots_autotrader,Tick,220,150,70,-70,151000,150800,2277,66923,80923,OK
68.716211,standard_deviation_activity_lots_autotrader,Tick,220,150,70,-70,151800,151400,2277,66923,87923,OK
68.984381,standard_deviation_activity_lots_autotrader,Tick,220,150,70,-70,151800,151400,2277,66923,87923,OK
69.211093,standard_deviation_activity_lots_autotrader,Tick,220,150,70,-70,151800,151400,2277,66923,87923,OK
69.554665,standard_deviation_activity_lots_autotrader,Tick,220,150,70,-70,151800,151400,2277,66923,87923,OK
69.742087,standard_deviation_activity_lots_autotrader,Tick,220,150,70,-70,151800,151400,2277,66923,87923,OK
69.956707,standard_deviation_activity_lots_autotrader,Tick,220,150,70,-70,151800,151400,2277,66923,87923,OK
70.239992,standard_deviation_activity_lots_autotrader,Tick,220,150,70,-70,151800,151400,2277,66923,87923,OK
70.493977,standard_deviation_activity_lots_autotrader,Tick,220,150,70,-70,151100,151400,2277,66923,45923,OK
70.784817,standard_deviation_activity_lots_autotrader,Tick,220,150,70,-70,150600,151400,2277,66923,45923,OK
71.00063,standard_deviation_activity_lots_autotrader,Tick,220,150,70,-70,150600,151400,2277,66923,45923,OK
71.244214,standard_deviation_activity_lots_autotrader,Tick,220,150,70,-70,150600,151100,2277,66923,45923,OK
71.550523,standard_deviation_activity_lots_autotrader,Tick,220,150,70,-70,150600,151100,2277,66923,45923,OK
71.786442,standard_deviation_activity_lots_autotrader,Tick,220,150,70,-70,150600,151100,2277,66923,45923,OK
72.04535,standard_deviation_activity_lots_autotrader,Tick,220,150,70,-70,150600,151100,2277,66923,45923,OK
72.20488,standard_deviation_activity_lots_autotrader,Tick,220,150,70,-70,150600,150900,2277,66923,45923,OK
72.530065,standard_deviation_activity_lots_autotrader,Tick,220,150,70,-70,150600,150900,2277,66923,45923,OK
72.710745,standard_deviation_activity_lots_autotrader,Tick,220,150,70,-70,150600,150900,2277,66923,45923,OK
72.969494,standard_deviation_activity_lots_autotrader,Tick,220,150,70,-70,150600,150900,2277,66923,45923,OK
73.275927,standard_deviation_activity_lots_autotrader,Tick,220,150,70,-70,150600,150900,2277,66923,45923,OK
73.509105,standard_deviation_activity_lots_autotrader,Tick,220,150,70,-70,150600,150700,2277,66923,59923,OK
73.711768,standard_deviation_activity_lots_autotrader,Tick,220,150,70,-70,150600,150700,2277,66923,59923,OK
74.003101,standard_deviation_activity_lots_autotrader,Tick,220,150,70,-70,150400,150700,2277,66923,45923,OK
74.213111,standard_deviation_activity_lots_autotrader,Tick,220,150,70,-70,150400,150700,2277,66923,45923,OK
74.511311,standard_deviation_activity_lots_autotrader,Tick,220,150,70,-70,150400,150700,2277,66923,45923,OK
74.753884,standard_deviation_activity_lots_autotrader,Tick,220,150,70,-70,150400,151000,2277,66923,45923,OK
75.014481,standard_deviation_activity_lots_autotrader,Tick,220,150,70,-70,150400,151000,2277,66923,45923,OK
75.246804,standard_deviation_activity_lots_autotrader,Tick,220,150,70,-70,150400,151000,2277,66923,45923,OK
75.510072,standard_deviation_activity_lots_autotrader,Tick,220,150,70,-70,150400,151000,2277,66923,45923,OK
75.788918,standard_deviation_activity_lots_autotrader,Tick,220,150,70,-70,150400,151000,2277,66923,45923,OK
76.007939,standard_deviation_activity_lots_autotrader,Tick,220,150,70,-70,150400,151000,2277,66923,45923,OK
76.271127,standard_deviation_activity_lots_autotrader,Tick,220,150,70,-70,150700,151000,2277,66923,45923,OK
76.531559,standard_deviation_activity_lots_autotrader,Tick,220,150,70,-70,150700,151000,2277,66923,45923,OK
76.746694,standard_deviation_activity_lots_autotrader,Tick,220,150,70,-70,150700,151000,2277,66923,45923,OK
77.052324,standard_deviation_activity_lots_autotrader,Tick,220,150,70,-70,150700,151000,2277,66923,45923,OK
77.243877,standard_deviation_activity_lots_autotrader,Tick,220,150,70,-70,150700,151000,2277,66923,45923,OK
77.51578,standard_deviation_activity_lots_autotrader,Tick,220,150,70,-70,150700,151000,2277,66923,45923,OK
77.798212,standard_deviation_activity_lots_autotrader,Tick,220,150,70,-70,150700,151000,2277,66923,45923,OK
78.035125,standard_deviation_activity_lots_autotrader,Tick,220,150,70,-70,150700,151000,2277,66923,45923,OK
78.229466,standard_deviation_activity_lots_autotrader,Tick,220,150,70,-70,150700,150800,2277,66923,59923,OK
78.547169,standard_deviation_activity_lots_autotrader,Tick,220,150,70,-70,150700,150800,2277,66923,59923,OK
78.773374,standard_deviation_activity_lots_autotrader,Tick,220,150,70,-70,150700,150800,2277,66923,59923,OK
79.062924,standard_deviation_activity_lots_autotrader,Tick,220,150,70,-70,150700,151000,2277,66923,45923,OK
79.28021,standard_deviation_activity_lots_autotrader,Tick,220,150,70,-70,150700,151400,2277,66923,45923,OK
79.533017,standard_deviation_activity_lots_autotrader,Tick,220,150,70,-70,150800,151500,2277,66923,45923,OK
79.710323,standard_deviation_activity_lots_autotrader,Tick,220,150,70,-70,150800,151400,2277,66923,45923,OK
80.029977,standard_deviation_activity_lots_autotrader,Tick,220,150,70,-70,150800,151400,2277,66923,45923,OK
80.204386,standard_deviation_activity_lots_autotrader,Tick,220,150,70,-70,150800,151400,2277,66923,45923,OK
80.549995,standard_deviation_activity_lots_autotrader,Tick,220,150,70,-70,150800,151400,2277,66923,45923,OK
80.711103,standard_deviation_activity_lots_autotrader,Tick,220,150,70,-70,150800,151400,2277,66923,45923,OK
81.020465,standard_deviation_activity_lots_autotrader,Tick,220,150,70,-70,150800,151400,2277,66923,45923,OK
81.275429,standard_deviation_activity_lots_autotrader,Tick,220,150,70,-70,150800,151400,2277,66923,45923,OK
81.473033,standard_deviation_activity_lots_autotrader,Tick,220,150,70,-70,150800,151400,2277,66923,45923,OK
81.743598,standard_deviation_activity_lots_autotrader,Tick,220,150,70,-70,150800,151400,2277,66923,45923,OK
81.995797,standard_deviation_activity_lots_autotrader,Tick,220,150,70,-70,150800,151400,2277,66923,45923,OK
82.286268,standard_deviation_activity_lots_autotrader,Tick,220,150,70,-70,150800,151100,2277,66923,45923,OK
82.507543,standard_deviation_activity_lots_autotrader,Tick,220,150,70,-70,151300,150900,2277,66923,87923,OK
82.795031,standard_deviation_activity_lots_autotrader,Tick,220,150,70,-70,151300,150900,2277,66923,87923,OK
83.022339,standard_deviation_activity_lots_autotrader,Tick,220,150,70,-70,151400,150500,2277,66923,87923,OK
83.301604,standard_deviation_activity_lots_autotrader,Tick,220,150,70,-70,151000,150400,2277,66923,87923,OK
83.535579,standard_deviation_activity_lots_autotrader,Tick,220,150,70,-70,151000,150400,2277,66923,87923,OK
83.796646,standard_deviation_activity_lots_autotrader,Tick,220,150,70,-70,151000,150400,2277,66923,87923,OK
84.044891,standard_deviation_activity_lots_autotrader,Tick,220,150,70,-70,151000,150400,2277,66923,87923,OK
84.204052,standard_deviation_activity_lots_autotrader,Tick,220,150,70,-70,151000,150600,2277,66923,87923,OK
84.499894,standard_deviation_activity_lots_autotrader,Tick,220,150,70,-70,150800,150600,2277,66923,80923,OK
84.775207,standard_deviation_activity_lots_autotrader,Tick,220,150,70,-70,150500,150600,2277,66923,59923,OK
85.027243,standard_deviation_activity_lots_autotrader,Tick,220,150,70,-70,150500,150600,2277,66923,59923,OK
85.292389,standard_deviation_activity_lots_autotrader,Tick,220,150,70,-70,150500,150600,2277,66923,59923,OK
85.532138,standard_deviation_activity_lots_autotrader,Tick,220,150,70,-70,150500,150600,2277,66923,59923,OK
85.732413,standard_deviation_activity_lots_autotrader,Tick,220,150,70,-70,150500,150700,2277,66923,52923,OK
85.975183,standard_deviation_activity_lots_autotrader,Tick,220,150,70,-70,150500,150700,2277,66923,52923,OK
86.226185,standard_deviation_activity_lots_autotrader,Tick,220,150,70,-70,150500,150500,2277,66923,66923,OK
86.538586,standard_deviation_activity_lots_autotrader,Tick,220,150,70,-70,150100,150500,2277,66923,45923,OK
86.757757,standard_deviation_activity_lots_autotrader,Tick,220,150,70,-70,150100,150400,2277,66923,45923,OK
86.963262,standard_deviation_activity_lots_autotrader,Tick,220,150,70,-70,150100,150400,2277,66923,45923,OK
87.246204,standard_deviation_activity_lots_autotrader,Tick,220,150,70,-70,150100,150400,2277,66923,45923,OK
87.540704,standard_deviation_activity_lots_autotrader,Tick,220,150,70,-70,150100,150400,2277,66923,45923,OK
87.782058,standard_deviation_activity_lots_autotrader,Tick,220,150,70,-70,150200,150400,2277,66923,52923,OK
88.017985,standard_deviation_activity_lots_autotrader,Tick,220,150,70,-70,150200,150400,2277,66923,52923,OK
88.220093,standard_deviation_activity_lots_autotrader,Tick,220,150,70,-70,150100,150400,2277,66923,45923,OK
88.522024,standard_deviation_activity_lots_autotrader,Tick,220,150,70,-70,150100,150400,2277,66923,45923,OK
88.801461,standard_deviation_activity_lots_autotrader,Tick,220,150,70,-70,150100,150400,2277,66923,45923,OK
88.957527,standard_deviation_activity_lots_autotrader,Tick,220,150,70,-70,150100,150400,2277,66923,45923,OK
89.301106,standard_deviation_activity_lots_autotrader,Tick,220,150,70,-70,150100,150400,2277,66923,45923,OK
89.518807,standard_deviation_activity_lots_autotrader,Tick,220,150,70,-70,150100,150400,2277,66923,45923,OK
89.799027,standard_deviation_activity_lots_autotrader,Tick,220,150,70,-70,150100,150400,2277,66923,45923,OK
90.005363,standard_deviation_activity_lots_autotrader,Tick,220,150,70,-70,150100,150400,2277,66923,45923,OK
90.24672,standard_deviation_activity_lots_autotrader,Tick,220,150,70,-70,150100,150100,2277,66923,66923,OK
90.459546,standard_deviation_activity_lots_autotrader,Tick,220,150,70,-70,150100,150100,2277,66923,66923,OK
90.763021,standard_deviation_activity_lots_autotrader,Tick,220,150,70,-70,150100,150200,2277,66923,59923,OK
90.995061,standard_deviation_activity_lots_autotrader,Tick,220,150,70,-70,150100,150500,2277,66923,45923,OK
91.213575,standard_deviation_activity_lots_autotrader,Tick,220,150,70,-70,150100,150300,2277,66923,52923,OK
91.501204,standard_deviation_activity_lots_autotrader,Tick,220,150,70,-70,150100,150300,2277,66923,52923,OK
91.745865,standard_deviation_activity_lots_autotrader,Tick,220,150,70,-70,150100,150300,2277,66923,52923,OK
92.043075,standard_deviation_activity_lots_autotrader,Tick,220,150,70,-70,150200,150300,2277,66923,59923,OK
92.28282,standard_deviation_activity_lots_autotrader,Tick,220,150,70,-70,150800,150300,2277,66923,87923,OK
92.455447,standard_deviation_activity_lots_autotrader,Tick,220,150,70,-70,150800,150300,2277,66923,87923,OK
92.710681,standard_deviation_activity_lots_autotrader,Tick,220,150,70,-70,150800,150300,2277,66923,87923,OK
93.023322,standard_deviation_activity_lots_autotrader,Tick,220,150,70,-70,150000,150300,2277,66923,45923,OK
93.276667,standard_deviation_activity_lots_autotrader,Tick,220,150,70,-70,150000,150300,2277,66923,45923,OK
93.468409,standard_deviation_activity_lots_autotrader,Tick,220,150,70,-70,150000,150300,2277,66923,45923,OK
93.742698,standard_deviation_activity_lots_autotrader,Tick,220,150,70,-70,150000,150300,2277,66923,45923,OK
94.047604,standard_deviation_activity_lots_autotrader,Tick,220,150,70,-70,150000,150300,2277,66923,45923,OK
94.229628,standard_deviation_activity_lots_autotrader,Tick,220,150,70,-70,150900,150300,2277,66923,87923,OK
94.518313,standard_deviation_activity_lots_autotrader,Tick,220,150,70,-70,150000,150300,2277,66923,45923,OK
94.78302,standard_deviation_activity_lots_autotrader,Tick,220,150,70,-70,150000,150300,2277,66923,45923,OK
94.995915,standard_deviation_activity_lots_autotrader,Tick,220,150,70,-70,150000,150200,2277,66923,52923,OK
95.260289,standard_deviation_activity_lots_autotrader,Tick,220,150,70,-70,150000,150300,2277,66923,45923,OK
95.546582,standard_deviation_activity_lots_autotrader,Tick,220,150,70,-70,150000,150300,2277,66923,45923,OK
95.712101,standard_deviation_activity_lots_autotrader,Tick,220,150,70,-70,150000,150300,2277,66923,45923,OK
96.034026,standard_deviation_activity_lots_autotrader,Tick,220,150,70,-70,150800,150300,2277,66923,87923,OK
96.29725,standard_deviation_activity_lots_autotrader,Tick,220,150,70,-70,150800,150300,2277,66923,87923,OK
96.544108,standard_deviation_activity_lots_autotrader,Tick,220,150,70,-70,150800,150300,2277,66923,87923,OK
96.768369,standard_deviation_activity_lots_autotrader,Tick,220,150,70,-70,150800,150300,2277,66923,87923,OK
96.995271,standard_deviation_activity_lots_autotrader,Tick,220,150,70,-70,149800,150300,2277,66923,45923,OK
97.262175,standard_deviation_activity_lots_autotrader,Tick,220,150,70,-70,149800,149700,2277,66923,73923,OK
97.476781,standard_deviation_activity_lots_autotrader,Tick,220,150,70,-70,149800,149700,2277,66923,73923,OK
97.758935,standard_deviation_activity_lots_autotrader,Tick,220,150,70,-70,149800,149700,2277,66923,73923,OK
98.00711,standard_deviation_activity_lots_autotrader,Tick,220,150,70,-70,149800,149700,2277,66923,73923,OK
98.275472,standard_deviation_activity_lots_autotrader,Tick,220,150,70,-70,149800,149700,2277,66923,73923,OK
98.563258,standard_deviation_activity_lots_autotrader,Tick,220,150,70,-70,149800,149700,2277,66923,73923,OK
98.782207,standard_deviation_activity_lots_autotrader,Tick,220,150,70,-70,149800,149700,2277,66923,73923,OK
98.975363,standard_deviation_activity_lots_autotrader,Tick,220,150,70,-70,149800,149700,2277,66923,73923,OK
99.223113,standard_deviation_activity_lots_autotrader,Tick,220,150,70,-70,149800,149700,2277,66923,73923,OK
99.481576,standard_deviation_activity_lots_autotrader,Tick,220,150,70,-70,149800,149700,2277,66923,73923,OK
99.747176,standard_deviation_activity_lots_autotrader,Tick,220,150,70,-70,149800,149700,2277,66923,73923,OK
100.017405,standard_deviation_activity_lots_autotrader,Tick,220,150,70,-70,149800,149700,2277,66923,73923,OK
100.248996,standard_deviation_activity_lots_autotrader,Tick,220,150,70,-70,149800,149700,2277,66923,73923,OK
100.467011,standard_deviation_activity_lots_autotrader,Tick,220,150,70,-70,149800,149700,2277,66923,73923,OK
100.733305,standard_deviation_activity_lots_autotrader,Tick,220,150,70,-70,149700,149700,2277,66923,66923,OK
101.033628,standard_deviation_activity_lots_autotrader,Tick,220,150,70,-70,149700,150000,2277,66923,45923,OK
101.26242,standard_deviation_activity_lots_autotrader,Tick,220,150,70,-70,149700,150000,2277,66923,45923,OK
101.478978,standard_deviation_activity_lots_autotrader,Tick,220,150,70,-70,149700,150000,2277,66923,45923,OK
101.769498,standard_deviation_activity_lots_autotrader,Tick,220,150,70,-70,149700,150000,2277,66923,45923,OK
102.048189,standard_deviation_activity_lots_autotrader,Tick,220,150,70,-70,149700,150000,2277,66923,45923,OK
102.207653,standard_deviation_activity_lots_autotrader,Tick,220,150,70,-70,149700,150000,2277,66923,45923,OK
102.483353,standard_deviation_activity_lots_autotrader,Tick,220,150,70,-70,149700,150000,2277,66923,45923,OK
102.714573,standard_deviation_activity_lots_autotrader,Tick,220,150,70,-70,149800,150000,2277,66923,52923,OK
102.998768,standard_deviation_activity_lots_autotrader,Tick,220,150,70,-70,149800,150000,2277,66923,52923,OK
103.295719,standard_deviation_activity_lots_autotrader,Tick,220,150,70,-70,149800,149800,2277,66923,66923,OK
103.526258,standard_deviation_activity_lots_autotrader,Tick,220,150,70,-70,149800,149800,2277,66923,66923,OK
103.716946,standard_deviation_activity_lots_autotrader,Tick,220,150,70,-70,149800,149800,2277,66923,66923,OK
104.020087,standard_deviation_activity_lots_autotrader,Tick,220,150,70,-70,149800,149800,2277,66923,66923,OK
104.221841,standard_deviation_activity_lots_autotrader,Tick,220,150,70,-70,149800,149700,2277,66923,73923,OK
104.544742,standard_deviation_activity_lots_autotrader,Tick,220,150,70,-70,149800,149900,2277,66923,59923,OK
104.7694,standard_deviation_activity_lots_autotrader,Tick,220,150,70,-70,149800,149900,2277,66923,59923,OK
105.004381,standard_deviation_activity_lots_autotrader,Tick,220,150,70,-70,149800,149900,2277,66923,59923,OK
105.246256,standard_deviation_activity_lots_autotrader,Tick,220,150,70,-70,149800,149900,2277,66923,59923,OK
105.514926,standard_deviation_activity_lots_autotrader,Tick,220,150,70,-70,149800,149900,2277,66923,59923,OK
105.768743,standard_deviation_activity_lots_autotrader,Tick,220,150,70,-70,149800,149900,2277,66923,59923,OK
105.993909,standard_deviation_activity_lots_autotrader,Tick,220,150,70,-70,149800,149900,2277,66923,59923,OK
106.210464,standard_deviation_activity_lots_autotrader,Tick,220,150,70,-70,149800,149900,2277,66923,59923,OK
106.529453,standard_deviation_activity_lots_autotrader,Tick,220,150,70,-70,150200,149900,2277,66923,87923,OK
106.773707,standard_deviation_activity_lots_autotrader,Tick,220,150,70,-70,150200,149900,2277,66923,87923,OK
106.993146,standard_deviation_activity_lots_autotrader,Tick,220,150,70,-70,150200,149900,2277,66923,87923,OK
107.230571,standard_deviation_activity_lots_autotrader,Tick,220,150,70,-70,150200,150000,2277,66923,80923,OK
107.549045,standard_deviation_activity_lots_autotrader,Tick,220,150,70,-70,150200,150000,2277,66923,80923,OK
107.720866,standard_deviation_activity_lots_autotrader,Tick,220,150,70,-70,150200,150000,2277,66923,80923,OK
107.990969,standard_deviation_activity_lots_autotrader,Tick,220,150,70,-70,150200,150200,2277,66923,66923,OK
108.203879,standard_deviation_activity_lots_autotrader,Tick,220,150,70,-70,150200,150300,2277,66923,59923,OK
108.4826,standard_deviation_activity_lots_autotrader,Tick,220,150,70,-70,150200,150400,2277,66923,52923,OK
108.730955,standard_deviation_activity_lots_autotrader,Tick,220,150,70,-70,149800,150400,2277,66923,45923,OK
109.013726,standard_deviation_activity_lots_autotrader,Tick,220,150,70,-70,149800,150400,2277,66923,45923,OK
109.208626,standard_deviation_activity_lots_autotrader,Tick,220,150,70,-70,149800,150400,2277,66923,45923,OK
109.527303,standard_deviation_activity_lots_autotrader,Tick,220,150,70,-70,149800,150600,2277,66923,45923,OK
109.720528,standard_deviation_activity_lots_autotrader,Tick,220,150,70,-70,149800,150600,2277,66923,45923,OK
109.987141,standard_deviation_activity_lots_autotrader,Tick,220,150,70,-70,149800,150600,2277,66923,45923,OK
110.295886,standard_deviation_activity_lots_autotrader,Tick,220,150,70,-70,149800,150600,2277,66923,45923,OK
110.558242,standard_deviation_activity_lots_autotrader,Tick,220,150,70,-70,149800,151000,2277,66923,45923,OK
110.787545,standard_deviation_activity_lots_autotrader,Tick,220,150,70,-70,149800,151000,2277,66923,45923,OK
111.047072,standard_deviation_activity_lots_autotrader,Tick,220,150,70,-70,149800,151000,2277,66923,45923,OK
111.231694,standard_deviation_activity_lots_autotrader,Tick,220,150,70,-70,150800,151000,2277,66923,52923,OK
111.487445,standard_deviation_activity_lots_autotrader,Tick,220,150,70,-70,150800,151000,2277,66923,52923,OK
111.765497,standard_deviation_activity_lots_autotrader,Tick,220,150,70,-70,150400,151000,2277,66923,45923,OK
112.027702,standard_deviation_activity_lots_autotrader,Tick,220,150,70,-70,150800,151000,2277,66923,52923,OK
112.258493,standard_deviation_activity_lots_autotrader,Tick,220,150,70,-70,150800,151000,2277,66923,52923,OK
112.49449,standard_deviation_activity_lots_autotrader,Tick,220,150,70,-70,151400,151000,2277,66923,87923,OK
112.751501,standard_deviation_activity_lots_autotrader,Tick,220,150,70,-70,150700,151000,2277,66923,45923,OK
113.046084,standard_deviation_activity_lots_autotrader,Tick,220,150,70,-70,150700,151000,2277,66923,45923,OK
113.276307,standard_deviation_activity_lots_autotrader,Tick,220,150,70,-70,151800,151100,2277,66923,87923,OK
113.491335,standard_deviation_activity_lots_autotrader,Tick,220,150,70,-70,151800,151100,2277,66923,87923,OK
113.717966,standard_deviation_activity_lots_autotrader,Tick,220,150,70,-70,151800,151100,2277,66923,87923,OK
113.962083,standard_deviation_activity_lots_autotrader,Tick,220,150,70,-70,151800,151100,2277,66923,87923,OK
114.290217,standard_deviation_activity_lots_autotrader,Tick,220,150,70,-70,151700,151100,2277,66923,87923,OK
114.474109,standard_deviation_activity_lots_autotrader,Tick,220,150,70,-70,151700,151100,2277,66923,87923,OK
114.72233,standard_deviation_activity_lots_autotrader,Tick,220,150,70,-70,151700,151300,2277,66923,87923,OK
115.039869,standard_deviation_activity_lots_autotrader,Tick,220,150,70,-70,151700,151300,2277,66923,87923,OK
115.303642,standard_deviation_activity_lots_autotrader,Tick,220,150,70,-70,151900,151300,2277,66923,87923,OK
115.456723,standard_deviation_activity_lots_autotrader,Tick,220,150,70,-70,151900,151300,2277,66923,87923,OK
115.794849,standard_deviation_activity_lots_autotrader,Tick,220,150,70,-70,151900,151900,2277,66923,66923,OK
115.9519,standard_deviation_activity_lots_autotrader,Tick,220,150,70,-70,151900,151900,2277,66923,66923,OK
116.276902,standard_deviation_activity_lots_autotrader,Tick,220,150,70,-70,152100,151900,2277,66923,80923,OK
116.500238,standard_deviation_activity_lots_autotrader,Tick,220,150,70,-70,152100,151900,2277,66923,80923,OK
116.708988,standard_deviation_activity_lots_autotrader,Tick,220,150,70,-70,151100,151900,2277,66923,45923,OK
116.969499,standard_deviation_activity_lots_autotrader,Tick,220,150,70,-70,151100,151900,2277,66923,45923,OK
117.263991,standard_deviation_activity_lots_autotrader,Tick,220,150,70,-70,151100,151900,2277,66923,45923,OK
117.541989,standard_deviation_activity_lots_autotrader,Tick,220,150,70,-70,151100,151900,2277,66923,45923,OK
117.738573,standard_deviation_activity_lots_autotrader,Tick,220,150,70,-70,152100,151900,2277,66923,80923,OK
118.020555,standard_deviation_activity_lots_autotrader,Tick,220,150,70,-70,150900,151900,2277,66923,45923,OK
118.292234,standard_deviation_activity_lots_autotrader,Tick,220,150,70,-70,150900,151900,2277,66923,45923,OK
118.553132,standard_deviation_activity_lots_autotrader,Tick,220,150,70,-70,150900,151900,2277,66923,45923,OK
118.804699,standard_deviation_activity_lots_autotrader,Tick,220,150,70,-70,150900,151900,2277,66923,45923,OK
119.008549,standard_deviation_activity_lots_autotrader,Tick,220,150,70,-70,150800,151900,2277,66923,45923,OK
119.24123,standard_deviation_activity_lots_autotrader,Tick,220,150,70,-70,150800,151900,2277,66923,45923,OK
119.452324,standard_deviation_activity_lots_autotrader,Tick,220,150,70,-70,150800,151400,2277,66923,45923,OK
119.769043,standard_deviation_activity_lots_autotrader,Tick,220,150,70,-70,150800,151400,2277,66923,45923,OK
120.013259,standard_deviation_activity_lots_autotrader,Tick,220,150,70,-70,150800,151400,2277,66923,45923,OK
120.206096,standard_deviation_activity_lots_autotrader,Tick,220,150,70,-70,150800,151800,2277,66923,45923,OK
120.506167,standard_deviation_activity_lots_autotrader,Tick,220,150,70,-70,150800,151800,2277,66923,45923,OK
120.754856,standard_deviation_activity_lots_autotrader,Tick,220,150,70,-70,150800,151800,2277,66923,45923,OK
120.994978,standard_deviation_activity_lots_autotrader,Tick,220,150,70,-70,150800,151800,2277,66923,45923,OK
121.223829,standard_deviation_activity_lots_autotrader,Tick,220,150,70,-70,150800,152000,2277,66923,45923,OK
121.494288,standard_deviation_activity_lots_autotrader,Tick,220,150,70,-70,150800,151800,2277,66923,45923,OK
121.712364,standard_deviation_activity_lots_autotrader,Tick,220,150,70,-70,150800,152100,2277,66923,45923,OK
121.980846,standard_deviation_activity_lots_autotrader,Tick,220,150,70,-70,152100,152100,2277,66923,66923,OK
122.205432,standard_deviation_activity_lots_autotrader,Tick,220,150,70,-70,151500,152100,2277,66923,45923,OK
122.478594,standard_deviation_activity_lots_autotrader,Tick,220,150,70,-70,151500,152000,2277,66923,45923,OK
122.786937,standard_deviation_activity_lots_autotrader,Tick,220,150,70,-70,151500,152000,2277,66923,45923,OK
123.011302,standard_deviation_activity_lots_autotrader,Tick,220,150,70,-70,152200,152000,2277,66923,80923,OK
123.252018,standard_deviation_activity_lots_autotrader,Tick,220,150,70,-70,152200,152000,2277,66923,80923,OK
123.478477,standard_deviation_activity_lots_autotrader,Tick,220,150,70,-70,152200,152000,2277,66923,80923,OK
123.782599,standard_deviation_activity_lots_autotrader,Tick,220,150,70,-70,151400,152000,2277,66923,45923,OK
124.019868,standard_deviation_activity_lots_autotrader,Tick,220,150,70,-70,151400,152000,2277,66923,45923,OK
124.240016,standard_deviation_activity_lots_autotrader,Tick,220,150,70,-70,151400,152000,2277,66923,45923,OK
124.502521,standard_deviation_activity_lots_autotrader,Tick,220,150,70,-70,151400,151300,2277,66923,73923,OK
124.762874,standard_deviation_activity_lots_autotrader,Tick,220,150,70,-70,151400,151300,2277,66923,73923,OK
124.978481,standard_deviation_activity_lots_autotrader,Tick,220,150,70,-70,151400,151300,2277,66923,73923,OK
125.285433,standard_deviation_activity_lots_autotrader,Tick,220,150,70,-70,151400,151900,2277,66923,45923,OK
125.549013,standard_deviation_activity_lots_autotrader,Tick,220,150,70,-70,151400,151900,2277,66923,45923,OK
125.774378,standard_deviation_activity_lots_autotrader,Tick,220,150,70,-70,151400,152100,2277,66923,45923,OK
125.97253,standard_deviation_activity_lots_autotrader,Tick,220,150,70,-70,151400,152100,2277,66923,45923,OK
126.244648,standard_deviation_activity_lots_autotrader,Tick,220,150,70,-70,151400,151800,2277,66923,45923,OK
126.479755,standard_deviation_activity_lots_autotrader,Tick,220,150,70,-70,151400,151800,2277,66923,45923,OK
126.714574,standard_deviation_activity_lots_autotrader,Tick,220,150,70,-70,151400,151800,2277,66923,45923,OK
127.013495,standard_deviation_activity_lots_autotrader,Tick,220,150,70,-70,151400,151800,2277,66923,45923,OK
127.301124,standard_deviation_activity_lots_autotrader,Tick,220,150,70,-70,151700,151800,2277,66923,59923,OK
127.460492,standard_deviation_activity_lots_autotrader,Tick,220,150,70,-70,151700,151800,2277,66923,59923,OK
127.782644,standard_deviation_activity_lots_autotrader,Tick,220,150,70,-70,151700,151800,2277,66923,59923,OK
128.051616,standard_deviation_activity_lots_autotrader,Tick,220,150,70,-70,151700,151800,2277,66923,59923,OK
128.240805,standard_deviation_activity_lots_autotrader,Tick,220,150,70,-70,151700,151800,2277,66923,59923,OK
128.515241,standard_deviation_activity_lots_autotrader,Tick,220,150,70,-70,151700,151800,2277,66923,59923,OK
128.751421,standard_deviation_activity_lots_autotrader,Tick,220,150,70,-70,151800,151800,2277,66923,66923,OK
128.999228,standard_deviation_activity_lots_autotrader,Tick,220,150,70,-70,151800,151800,2277,66923,66923,OK
129.205678,standard_deviation_activity_lots_autotrader,Tick,220,150,70,-70,151600,151800,2277,66923,52923,OK
129.553723,standard_deviation_activity_lots_autotrader,Tick,220,150,70,-70,151600,151800,2277,66923,52923,OK
129.80075,standard_deviation_activity_lots_autotrader,Tick,220,150,70,-70,151600,152100,2277,66923,45923,OK
129.965129,standard_deviation_activity_lots_autotrader,Tick,220,150,70,-70,151800,152100,2277,66923,45923,OK
130.277274,standard_deviation_activity_lots_autotrader,Tick,220,150,70,-70,151800,152100,2277,66923,45923,OK
130.549985,standard_deviation_activity_lots_autotrader,Tick,220,150,70,-70,151800,152100,2277,66923,45923,OK
130.802671,standard_deviation_activity_lots_autotrader,Tick,220,150,70,-70,151800,152100,2277,66923,45923,OK
130.962252,standard_deviation_activity_lots_autotrader,Tick,220,150,70,-70,152000,152100,2277,66923,59923,OK
131.212521,standard_deviation_activity_lots_autotrader,Tick,220,150,70,-70,152000,152100,2277,66923,59923,OK
131.496375,standard_deviation_activity_lots_autotrader,Tick,220,150,70,-70,152000,152100,2277,66923,59923,OK
131.752814,standard_deviation_activity_lots_autotrader,Tick,220,150,70,-70,152000,152900,2277,66923,45923,OK
132.012111,standard_deviation_activity_lots_autotrader,Tick,220,150,70,-70,152200,152900,2277,66923,45923,OK
132.266778,standard_deviation_activity_lots_autotrader,Tick,220,150,70,-70,152200,152900,2277,66923,45923,OK
132.491491,standard_deviation_activity_lots_autotrader,Tick,220,150,70,-70,152200,152700,2277,66923,45923,OK
132.790808,standard_deviation_activity_lots_autotrader,Tick,220,150,70,-70,152400,152800,2277,66923,45923,OK
132.979031,standard_deviation_activity_lots_autotrader,Tick,220,150,70,-70,152500,152800,2277,66923,45923,OK
133.317056,standard_deviation_activity_lots_autotrader,Tick,220,150,70,-70,152500,152800,2277,66923,45923,OK
133.535883,standard_deviation_activity_lots_autotrader,Tick,220,150,70,-70,152500,152800,2277,66923,45923,OK
133.768149,standard_deviation_activity_lots_autotrader,Tick,220,150,70,-70,152500,152900,2277,66923,45923,OK
133.973294,standard_deviation_activity_lots_autotrader,Tick,220,150,70,-70,152600,152900,2277,66923,45923,OK
134.246707,standard_deviation_activity_lots_autotrader,Tick,220,150,70,-70,152600,152400,2277,66923,80923,OK
134.495116,standard_deviation_activity_lots_autotrader,Tick,220,150,70,-70,152700,152400,2277,66923,87923,OK
134.758373,standard_deviation_activity_lots_autotrader,Tick,220,150,70,-70,152700,152300,2277,66923,87923,OK
135.011094,standard_deviation_activity_lots_autotrader,Tick,220,150,70,-70,151600,152300,2277,66923,45923,OK
135.293556,standard_deviation_activity_lots_autotrader,Tick,220,150,70,-70,151600,152100,2277,66923,45923,OK
135.523393,standard_deviation_activity_lots_autotrader,Tick,220,150,70,-70,151600,152100,2277,66923,45923,OK
135.720186,standard_deviation_activity_lots_autotrader,Tick,220,150,70,-70,151600,152100,2277,66923,45923,OK
136.036755,standard_deviation_activity_lots_autotrader,Tick,220,150,70,-70,151600,151900,2277,66923,45923,OK
136.289315,standard_deviation_activity_lots_autotrader,Tick,220,150,70,-70,151600,151700,2277,66923,59923,OK
136.526795,standard_deviation_activity_lots_autotrader,Tick,220,150,70,-70,151600,151700,2277,66923,59923,OK
136.777503,standard_deviation_activity_lots_autotrader,Tick,220,150,70,-70,151600,151700,2277,66923,59923,OK
137.022443,standard_deviation_activity_lots_autotrader,Tick,220,150,70,-70,151600,151700,2277,66923,59923,OK
137.247109,standard_deviation_activity_lots_autotrader,Tick,220,150,70,-70,151400,151700,2277,66923,45923,OK
137.482577,standard_deviation_activity_lots_autotrader,Tick,220,150,70,-70,151400,151700,2277,66923,45923,OK
137.79378,standard_deviation_activity_lots_autotrader,Tick,220,150,70,-70,152200,151500,2277,66923,87923,OK
137.996704,standard_deviation_activity_lots_autotrader,Tick,220,150,70,-70,152200,151300,2277,66923,87923,OK
138.253921,standard_deviation_activity_lots_autotrader,Tick,220,150,70,-70,152200,151200,2277,66923,87923,OK
138.492828,standard_deviation_activity_lots_autotrader,Tick,220,150,70,-70,152200,151200,2277,66923,87923,OK
138.747763,standard_deviation_activity_lots_autotrader,Tick,220,150,70,-70,151400,151200,2277,66923,80923,OK
139.030902,standard_deviation_activity_lots_autotrader,Tick,220,150,70,-70,151200,151200,2277,66923,66923,OK
139.232258,standard_deviation_activity_lots_autotrader,Tick,220,150,70,-70,151200,151200,2277,66923,66923,OK
139.535455,standard_deviation_activity_lots_autotrader,Tick,220,150,70,-70,151200,151000,2277,66923,80923,OK
139.765865,standard_deviation_activity_lots_autotrader,Tick,220,150,70,-70,151200,151000,2277,66923,80923,OK
139.978043,standard_deviation_activity_lots_autotrader,Tick,220,150,70,-70,151200,151000,2277,66923,80923,OK
140.294797,standard_deviation_activity_lots_autotrader,Tick,220,150,70,-70,151200,151000,2277,66923,80923,OK
140.543613,standard_deviation_activity_lots_autotrader,Tick,220,150,70,-70,151200,151000,2277,66923,80923,OK
140.711541,standard_deviation_activity_lots_autotrader,Tick,220,150,70,-70,151200,150900,2277,66923,87923,OK
140.996718,standard_deviation_activity_lots_autotrader,Tick,220,150,70,-70,151200,151000,2277,66923,80923,OK
141.20685,standard_deviation_activity_lots_autotrader,Tick,220,150,70,-70,151400,150900,2277,66923,87923,OK
141.518553,standard_deviation_activity_lots_autotrader,Tick,220,150,70,-70,151400,150900,2277,66923,87923,OK
141.757005,standard_deviation_activity_lots_autotrader,Tick,220,150,70,-70,151400,150900,2277,66923,87923,OK
141.993833,standard_deviation_activity_lots_autotrader,Tick,220,150,70,-70,151600,151100,2277,66923,87923,OK
142.249219,standard_deviation_activity_lots_autotrader,Tick,220,150,70,-70,151600,151100,2277,66923,87923,OK
142.543161,standard_deviation_activity_lots_autotrader,Tick,220,150,70,-70,151600,151100,2277,66923,87923,OK
142.747763,standard_deviation_activity_lots_autotrader,Tick,220,150,70,-70,151600,151100,2277,66923,87923,OK
143.038632,standard_deviation_activity_lots_autotrader,Tick,220,150,70,-70,151600,151100,2277,66923,87923,OK
143.209923,standard_deviation_activity_lots_autotrader,Tick,220,150,70,-70,151600,151100,2277,66923,87923,OK
143.530696,standard_deviation_activity_lots_autotrader,Tick,220,150,70,-70,151600,150800,2277,66923,87923,OK
143.761511,standard_deviation_activity_lots_autotrader,Tick,220,150,70,-70,151600,150900,2277,66923,87923,OK
143.96273,standard_deviation_activity_lots_autotrader,Tick,220,150,70,-70,151200,150700,2277,66923,87923,OK
144.223846,standard_deviation_activity_lots_autotrader,Tick,220,150,70,-70,151200,150700,2277,66923,87923,OK
144.480161,standard_deviation_activity_lots_autotrader,Tick,220,150,70,-70,151200,150700,2277,66923,87923,OK
144.757499,standard_deviation_activity_lots_autotrader,Tick,220,150,70,-70,151200,150700,2277,66923,87923,OK
145.028813,standard_deviation_activity_lots_autotrader,Tick,220,150,70,-70,151200,150700,2277,66923,87923,OK
145.284636,standard_deviation_activity_lots_autotrader,Tick,220,150,70,-70,151200,150500,2277,66923,87923,OK
145.506634,standard_deviation_activity_lots_autotrader,Tick,220,150,70,-70,151100,150500,2277,66923,87923,OK
145.72127,standard_deviation_activity_lots_autotrader,Tick,220,150,70,-70,151000,150500,2277,66923,87923,OK
145.993297,standard_deviation_activity_lots_autotrader,Tick,220,150,70,-70,151000,150400,2277,66923,87923,OK
146.303068,standard_deviation_activity_lots_autotrader,Tick,220,150,70,-70,151000,150400,2277,66923,87923,OK
146.482215,standard_deviation_activity_lots_autotrader,Tick,220,150,70,-70,150900,150400,2277,66923,87923,OK
146.754809,standard_deviation_activity_lots_autotrader,Tick,220,150,70,-70,150900,150400,2277,66923,87923,OK
147.009625,standard_deviation_activity_lots_autotrader,Tick,220,150,70,-70,150900,150400,2277,66923,87923,OK
147.294038,standard_deviation_activity_lots_autotrader,Tick,220,150,70,-70,150900,150400,2277,66923,87923,OK
147.516432,standard_deviation_activity_lots_autotrader,Tick,220,150,70,-70,150900,150400,2277,66923,87923,OK
147.717255,standard_deviation_activity_lots_autotrader,Tick,220,150,70,-70,150800,150300,2277,66923,87923,OK
148.028371,standard_deviation_activity_lots_autotrader,Tick,220,150,70,-70,150700,150300,2277,66923,87923,OK
148.210427,standard_deviation_activity_lots_autotrader,Tick,220,150,70,-70,150700,150300,2277,66923,87923,OK
148.458666,standard_deviation_activity_lots_autotrader,Tick,220,150,70,-70,150800,150300,2277,66923,87923,OK
148.726979,standard_deviation_activity_lots_autotrader,Tick,220,150,70,-70,150800,150300,2277,66923,87923,OK
148.986381,standard_deviation_activity_lots_autotrader,Tick,220,150,70,-70,150800,150300,2277,66923,87923,OK
149.231847,standard_deviation_activity_lots_autotrader,Tick,220,150,70,-70,151000,150500,2277,66923,87923,OK
149.514856,standard_deviation_activity_lots_autotrader,Tick,220,150,70,-70,150400,150500,2277,66923,59923,OK
149.786756,standard_deviation_activity_lots_autotrader,Tick,220,150,70,-70,150400,150500,2277,66923,59923,OK
149.958658,standard_deviation_activity_lots_autotrader,Tick,220,150,70,-70,150400,150500,2277,66923,59923,OK
150.284096,standard_deviation_activity_lots_autotrader,Tick,220,150,70,-70,150400,150500,2277,66923,59923,OK
150.566486,standard_deviation_activity_lots_autotrader,Tick,220,150,70,-70,150400,150200,2277,66923,80923,OK
150.719723,standard_deviation_activity_lots_autotrader,Tick,220,150,70,-70,150400,150200,2277,66923,80923,OK
151.026545,standard_deviation_activity_lots_autotrader,Tick,220,150,70,-70,150400,150000,2277,66923,87923,OK
151.240927,standard_deviation_activity_lots_autotrader,Tick,220,150,70,-70,150400,150000,2277,66923,87923,OK
151.495852,standard_deviation_activity_lots_autotrader,Tick,220,150,70,-70,150600,150000,2277,66923,87923,OK
151.759374,standard_deviation_activity_lots_autotrader,Tick,220,150,70,-70,150600,150000,2277,66923,87923,OK
151.961757,standard_deviation_activity_lots_autotrader,Tick,220,150,70,-70,150600,150500,2277,66923,73923,OK
152.246688,standard_deviation_activity_lots_autotrader,Tick,220,150,70,-70,150100,150500,2277,66923,45923,OK
152.535287,standard_deviation_activity_lots_autotrader,Tick,220,150,70,-70,150100,150500,2277,66923,45923,OK
152.799857,standard_deviation_activity_lots_autotrader,Tick,220,150,70,-70,150100,150300,2277,66923,52923,OK
152.983261,standard_deviation_activity_lots_autotrader,Tick,220,150,70,-70,150100,150300,2277,66923,52923,OK
153.262961,standard_deviation_activity_lots_autotrader,Tick,220,150,70,-70,150100,150300,2277,66923,52923,OK
153.483694,standard_deviation_activity_lots_autotrader,Tick,220,150,70,-70,150100,150300,2277,66923,52923,OK
153.768894,standard_deviation_activity_lots_autotrader,Tick,220,150,70,-70,150100,150300,2277,66923,52923,OK
153.990064,standard_deviation_activity_lots_autotrader,Tick,220,150,70,-70,150100,150300,2277,66923,52923,OK
154.307206,standard_deviation_activity_lots_autotrader,Tick,220,150,70,-70,150100,150300,2277,66923,52923,OK
154.50543,standard_deviation_activity_lots_autotrader,Tick,220,150,70,-70,150100,150300,2277,66923,52923,OK
154.755421,standard_deviation_activity_lots_autotrader,Tick,220,150,70,-70,150100,150800,2277,66923,45923,OK
155.007079,standard_deviation_activity_lots_autotrader,Tick,220,150,70,-70,151400,150800,2277,66923,87923,OK
155.28281,standard_deviation_activity_lots_autotrader,Tick,220,150,70,-70,151400,150700,2277,66923,87923,OK
155.526573,standard_deviation_activity_lots_autotrader,Tick,220,150,70,-70,151300,150700,2277,66923,87923,OK
155.751928,standard_deviation_activity_lots_autotrader,Tick,220,150,70,-70,151300,150600,2277,66923,87923,OK
155.964082,standard_deviation_activity_lots_autotrader,Tick,220,150,70,-70,151300,150600,2277,66923,87923,OK
156.244542,standard_deviation_activity_lots_autotrader,Tick,220,150,70,-70,150000,150400,2277,66923,45923,OK
156.54359,standard_deviation_activity_lots_autotrader,Tick,220,150,70,-70,150000,150400,2277,66923,45923,OK
156.796881,standard_deviation_activity_lots_autotrader,Tick,220,150,70,-70,150000,150400,2277,66923,45923,OK
156.958265,standard_deviation_activity_lots_autotrader,Tick,220,150,70,-70,150000,150400,2277,66923,45923,OK
157.262199,standard_deviation_activity_lots_autotrader,Tick,220,150,70,-70,150000,150400,2277,66923,45923,OK
157.508002,standard_deviation_activity_lots_autotrader,Tick,220,150,70,-70,150000,150400,2277,66923,45923,OK
157.732553,standard_deviation_activity_lots_autotrader,Tick,220,150,70,-70,150000,150400,2277,66923,45923,OK
158.048674,standard_deviation_activity_lots_autotrader,Tick,220,150,70,-70,150800,150100,2277,66923,87923,OK
158.302839,standard_deviation_activity_lots_autotrader,Tick,220,150,70,-70,150500,150000,2277,66923,87923,OK
158.491926,standard_deviation_activity_lots_autotrader,Tick,220,150,70,-70,150500,149900,2277,66923,87923,OK
158.788778,standard_deviation_activity_lots_autotrader,Tick,220,150,70,-70,150500,149900,2277,66923,87923,OK
159.017503,standard_deviation_activity_lots_autotrader,Tick,220,150,70,-70,150500,149800,2277,66923,87923,OK
159.273196,standard_deviation_activity_lots_autotrader,Tick,220,150,70,-70,150000,149900,2277,66923,73923,OK
159.467547,standard_deviation_activity_lots_autotrader,Tick,220,150,70,-70,150000,149900,2277,66923,73923,OK
159.80082,standard_deviation_activity_lots_autotrader,Tick,220,150,70,-70,150000,149900,2277,66923,73923,OK
160.06113,standard_deviation_activity_lots_autotrader,Tick,220,150,70,-70,150000,149800,2277,66923,80923,OK
160.256755,standard_deviation_activity_lots_autotrader,Tick,220,150,70,-70,150000,149800,2277,66923,80923,OK
160.493353,standard_deviation_activity_lots_autotrader,Tick,220,150,70,-70,150200,149800,2277,66923,87923,OK
160.771432,standard_deviation_activity_lots_autotrader,Tick,220,150,70,-70,150000,149800,2277,66923,80923,OK
161.017216,standard_deviation_activity_lots_autotrader,Tick,220,150,70,-70,150000,149800,2277,66923,80923,OK
161.213983,standard_deviation_activity_lots_autotrader,Tick,220,150,70,-70,150000,149800,2277,66923,80923,OK
161.498446,standard_deviation_activity_lots_autotrader,Tick,220,150,70,-70,150000,149800,2277,66923,80923,OK
161.711965,standard_deviation_activity_lots_autotrader,Tick,220,150,70,-70,150000,149800,2277,66923,80923,OK
162.059433,standard_deviation_activity_lots_autotrader,Tick,220,150,70,-70,150000,149700,2277,66923,80923,OK
162.236517,standard_deviation_activity_lots_autotrader,Tick,220,150,70,-70,150000,149700,2277,66923,80923,OK
162.483189,standard_deviation_activity_lots_autotrader,Tick,220,150,70,-70,150000,149700,2277,66923,80923,OK
162.745424,standard_deviation_activity_lots_autotrader,Tick,220,150,70,-70,150000,149700,2277,66923,80923,OK
162.964527,standard_deviation_activity_lots_autotrader,Tick,220,150,70,-70,150000,149700,2277,66923,80923,OK
163.25918,standard_deviation_activity_lots_autotrader,Tick,220,150,70,-70,150000,149700,2277,66923,80923,OK
163.513305,standard_deviation_activity_lots_autotrader,Tick,220,150,70,-70,150000,149700,2277,66923,80923,OK
163.725831,standard_deviation_activity_lots_autotrader,Tick,220,150,70,-70,150000,149700,2277,66923,80923,OK
164.027401,standard_deviation_activity_lots_autotrader,Tick,220,150,70,-70,150000,149600,2277,66923,80923,OK
164.288043,standard_deviation_activity_lots_autotrader,Tick,220,150,70,-70,150000,149600,2277,66923,80923,OK
164.474968,standard_deviation_activity_lots_autotrader,Tick,220,150,70,-70,150000,149600,2277,66923,80923,OK
164.753077,standard_deviation_activity_lots_autotrader,Tick,220,150,70,-70,150000,149600,2277,66923,80923,OK
165.043629,standard_deviation_activity_lots_autotrader,Tick,220,150,70,-70,150000,149300,2277,66923,80923,OK
165.256518,standard_deviation_activity_lots_autotrader,Tick,220,150,70,-70,149900,149200,2277,66923,80923,OK
165.536909,standard_deviation_activity_lots_autotrader,Tick,220,150,70,-70,149900,149200,2277,66923,80923,OK
165.796934,standard_deviation_activity_lots_autotrader,Tick,220,150,70,-70,149800,149200,2277,66923,80923,OK
166.053468,standard_deviation_activity_lots_autotrader,Tick,220,150,70,-70,149800,149200,2277,66923,80923,OK
166.223429,standard_deviation_activity_lots_autotrader,Tick,220,150,70,-70,149800,149200,2277,66923,80923,OK
166.467141,standard_deviation_activity_lots_autotrader,Tick,220,150,70,-70,149800,149200,2277,66923,80923,OK
166.717275,standard_deviation_activity_lots_autotrader,Tick,220,150,70,-70,149600,149300,2277,66923,80923,OK
167.03554,standard_deviation_activity_lots_autotrader,Tick,220,150,70,-70,149600,149300,2277,66923,80923,OK
167.224643,standard_deviation_activity_lots_autotrader,Tick,220,150,70,-70,149600,149000,2277,66923,80923,OK
167.459674,standard_deviation_activity_lots_autotrader,Tick,220,150,70,-70,149500,149000,2277,66923,80923,OK
167.738359,standard_deviation_activity_lots_autotrader,Tick,220,150,70,-70,149500,148900,2277,66923,80923,OK
168.010785,standard_deviation_activity_lots_autotrader,Tick,220,150,70,-70,149400,148700,2277,66923,80923,OK
168.295835,standard_deviation_activity_lots_autotrader,Tick,220,150,70,-70,149300,148800,2277,66923,80923,OK
168.495195,standard_deviation_activity_lots_autotrader,Tick,220,150,70,-70,149300,148800,2277,66923,80923,OK
168.778832,standard_deviation_activity_lots_autotrader,Tick,220,150,70,-70,149200,148600,2277,66923,80923,OK
169.047787,standard_deviation_activity_lots_autotrader,Tick,220,150,70,-70,149200,148700,2277,66923,80923,OK
169.24663,standard_deviation_activity_lots_autotrader,Tick,220,150,70,-70,149200,148700,2277,66923,80923,OK
169.504493,standard_deviation_activity_lots_autotrader,Tick,220,150,70,-70,149200,149000,2277,66923,80923,OK
169.715036,standard_deviation_activity_lots_autotrader,Tick,220,150,70,-70,149100,149000,2277,66923,73923,OK
170.034352,standard_deviation_activity_lots_autotrader,Tick,220,150,70,-70,148800,149000,2277,66923,52923,OK
170.238115,standard_deviation_activity_lots_autotrader,Tick,220,150,70,-70,148800,149000,2277,66923,52923,OK
170.516831,standard_deviation_activity_lots_autotrader,Tick,220,150,70,-70,148800,149000,2277,66923,52923,OK
170.717548,standard_deviation_activity_lots_autotrader,Tick,220,150,70,-70,148800,149000,2277,66923,52923,OK
171.026541,standard_deviation_activity_lots_autotrader,Tick,220,150,70,-70,148800,149000,2277,66923,52923,OK
171.266501,standard_deviation_activity_lots_autotrader,Tick,220,150,70,-70,148800,149000,2277,66923,52923,OK
171.480526,standard_deviation_activity_lots_autotrader,Tick,220,150,70,-70,148800,149000,2277,66923,52923,OK
171.771425,standard_deviation_activity_lots_autotrader,Tick,220,150,70,-70,149400,149000,2277,66923,80923,OK
171.978508,standard_deviation_activity_lots_autotrader,Tick,220,150,70,-70,149400,149200,2277,66923,80923,OK
172.205051,standard_deviation_activity_lots_autotrader,Tick,220,150,70,-70,149400,149200,2277,66923,80923,OK
172.494546,standard_deviation_activity_lots_autotrader,Tick,220,150,70,-70,149400,149200,2277,66923,80923,OK
172.771114,standard_deviation_activity_lots_autotrader,Tick,220,150,70,-70,149400,149500,2277,66923,59923,OK
172.971579,standard_deviation_activity_lots_autotrader,Tick,220,150,70,-70,149400,149500,2277,66923,59923,OK
173.29254,standard_deviation_activity_lots_autotrader,Tick,220,150,70,-70,150200,149600,2277,66923,80923,OK
173.537518,standard_deviation_activity_lots_autotrader,Tick,220,150,70,-70,150200,149600,2277,66923,80923,OK
173.792959,standard_deviation_activity_lots_autotrader,Tick,220,150,70,-70,150200,149600,2277,66923,80923,OK
174.020744,standard_deviation_activity_lots_autotrader,Tick,220,150,70,-70,150200,149600,2277,66923,80923,OK
174.245714,standard_deviation_activity_lots_autotrader,Tick,220,150,70,-70,150200,149500,2277,66923,80923,OK
174.523602,standard_deviation_activity_lots_autotrader,Tick,220,150,70,-70,150200,149500,2277,66923,80923,OK
174.79844,standard_deviation_activity_lots_autotrader,Tick,220,150,70,-70,150200,149500,2277,66923,80923,OK
175.041203,standard_deviation_activity_lots_autotrader,Tick,220,150,70,-70,150200,149500,2277,66923,80923,OK
175.233941,standard_deviation_activity_lots_autotrader,Tick,220,150,70,-70,150200,149700,2277,66923,80923,OK
175.470174,standard_deviation_activity_lots_autotrader,Tick,220,150,70,-70,150200,149700,2277,66923,80923,OK
175.74889,standard_deviation_activity_lots_autotrader,Tick,220,150,70,-70,150100,149700,2277,66923,80923,OK
176.050254,standard_deviation_activity_lots_autotrader,Tick,220,150,70,-70,150100,149700,2277,66923,80923,OK
176.215722,standard_deviation_activity_lots_autotrader,Tick,220,150,70,-70,150100,149400,2277,66923,80923,OK
176.457279,standard_deviation_activity_lots_autotrader,Tick,220,150,70,-70,149400,149300,2277,66923,73923,OK
176.759444,standard_deviation_activity_lots_autotrader,Tick,220,150,70,-70,149400,149300,2277,66923,73923,OK
177.023572,standard_deviation_activity_lots_autotrader,Tick,220,150,70,-70,149400,149300,2277,66923,73923,OK
177.207115,standard_deviation_activity_lots_autotrader,Tick,220,150,70,-70,149400,149300,2277,66923,73923,OK
177.511171,standard_deviation_activity_lots_autotrader,Tick,220,150,70,-70,149400,149300,2277,66923,73923,OK
177.750455,standard_deviation_activity_lots_autotrader,Tick,220,150,70,-70,149400,149300,2277,66923,73923,OK
178.027056,standard_deviation_activity_lots_autotrader,Tick,220,150,70,-70,149400,149300,2277,66923,73923,OK
178.288759,standard_deviation_activity_lots_autotrader,Tick,220,150,70,-70,149400,149300,2277,66923,73923,OK
178.513377,standard_deviation_activity_lots_autotrader,Tick,220,150,70,-70,149400,149300,2277,66923,73923,OK
178.772731,standard_deviation_activity_lots_autotrader,Tick,220,150,70,-70,149400,149300,2277,66923,73923,OK
179.012845,standard_deviation_activity_lots_autotrader,Tick,220,150,70,-70,149400,149300,2277,66923,73923,OK
179.229411,standard_deviation_activity_lots_autotrader,Tick,220,150,70,-70,149400,149300,2277,66923,73923,OK
179.51475,standard_deviation_activity_lots_autotrader,Tick,220,150,70,-70,149400,149300,2277,66923,73923,OK
179.774771,standard_deviation_activity_lots_autotrader,Tick,220,150,70,-70,149400,149300,2277,66923,73923,OK
180.016656,standard_deviation_activity_lots_autotrader,Tick,220,150,70,-70,149400,149300,2277,66923,73923,OK
180.211679,standard_deviation_activity_lots_autotrader,Tick,220,150,70,-70,149400,149300,2277,66923,73923,OK
180.52523,standard_deviation_activity_lots_autotrader,Tick,220,150,70,-70,149500,149300,2277,66923,80923,OK
180.800405,standard_deviation_activity_lots_autotrader,Tick,220,150,70,-70,149500,149300,2277,66923,80923,OK
181.063336,standard_deviation_activity_lots_autotrader,Tick,220,150,70,-70,149500,150100,2277,66923,45923,OK
181.295659,standard_deviation_activity_lots_autotrader,Tick,220,150,70,-70,149500,150100,2277,66923,45923,OK
181.533417,standard_deviation_activity_lots_autotrader,Tick,220,150,70,-70,149500,150100,2277,66923,45923,OK
181.727397,standard_deviation_activity_lots_autotrader,Tick,220,150,70,-70,149500,150100,2277,66923,45923,OK
182.00928,standard_deviation_activity_lots_autotrader,Tick,220,150,70,-70,149500,150200,2277,66923,45923,OK
182.295862,standard_deviation_activity_lots_autotrader,Tick,220,150,70,-70,149500,150200,2277,66923,45923,OK
182.463412,standard_deviation_activity_lots_autotrader,Tick,220,150,70,-70,149500,150200,2277,66923,45923,OK
182.795258,standard_deviation_activity_lots_autotrader,Tick,220,150,70,-70,149500,149900,2277,66923,45923,OK
183.047264,standard_deviation_activity_lots_autotrader,Tick,220,150,70,-70,149500,149900,2277,66923,45923,OK
183.243816,standard_deviation_activity_lots_autotrader,Tick,220,150,70,-70,149500,149900,2277,66923,45923,OK
183.457509,standard_deviation_activity_lots_autotrader,Tick,220,150,70,-70,150200,149900,2277,66923,87923,OK
183.797227,standard_deviation_activity_lots_autotrader,Tick,220,150,70,-70,150200,150100,2277,66923,73923,OK
184.00358,standard_deviation_activity_lots_autotrader,Tick,220,150,70,-70,150200,150100,2277,66923,73923,OK
184.227687,standard_deviation_activity_lots_autotrader,Tick,220,150,70,-70,150200,150100,2277,66923,73923,OK
184.518649,standard_deviation_activity_lots_autotrader,Tick,220,150,70,-70,150500,150400,2277,66923,73923,OK
184.74024,standard_deviation_activity_lots_autotrader,Tick,220,150,70,-70,150500,150300,2277,66923,80923,OK
185.000639,standard_deviation_activity_lots_autotrader,Tick,220,150,70,-70,150500,150300,2277,66923,80923,OK
185.222623,standard_deviation_activity_lots_autotrader,Tick,220,150,70,-70,150500,150100,2277,66923,87923,OK
185.516625,standard_deviation_activity_lots_autotrader,Tick,220,150,70,-70,149600,149900,2277,66923,45923,OK
185.753893,standard_deviation_activity_lots_autotrader,Tick,220,150,70,-70,149600,149900,2277,66923,45923,OK
185.988037,standard_deviation_activity_lots_autotrader,Tick,220,150,70,-70,149600,150000,2277,66923,45923,OK
186.209611,standard_deviation_activity_lots_autotrader,Tick,220,150,70,-70,149600,150000,2277,66923,45923,OK
186.547891,standard_deviation_activity_lots_autotrader,Tick,220,150,70,-70,149600,150000,2277,66923,45923,OK
186.716656,standard_deviation_activity_lots_autotrader,Tick,220,150,70,-70,149600,150000,2277,66923,45923,OK
187.047203,standard_deviation_activity_lots_autotrader,Tick,220,150,70,-70,150400,150000,2277,66923,87923,OK
187.251633,standard_deviation_activity_lots_autotrader,Tick,220,150,70,-70,150400,150000,2277,66923,87923,OK
187.469221,standard_deviation_activity_lots_autotrader,Tick,220,150,70,-70,150400,150000,2277,66923,87923,OK
187.711689,standard_deviation_activity_lots_autotrader,Tick,220,150,70,-70,150400,150000,2277,66923,87923,OK
188.032242,standard_deviation_activity_lots_autotrader,Tick,220,150,70,-70,150400,149900,2277,66923,87923,OK
188.273992,standard_deviation_activity_lots_autotrader,Tick,220,150,70,-70,149400,149900,2277,66923,45923,OK
188.500423,standard_deviation_activity_lots_autotrader,Tick,220,150,70,-70,149400,149900,2277,66923,45923,OK
188.766238,standard_deviation_activity_lots_autotrader,Tick,220,150,70,-70,149400,149900,2277,66923,45923,OK
189.043943,standard_deviation_activity_lots_autotrader,Tick,220,150,70,-70,149400,149700,2277,66923,52923,OK
189.233409,standard_deviation_activity_lots_autotrader,Tick,220,150,70,-70,150200,149500,2277,66923,80923,OK
189.474831,standard_deviation_activity_lots_autotrader,Tick,220,150,70,-70,149200,149400,2277,66923,52923,OK
189.77794,standard_deviation_activity_lots_autotrader,Tick,220,150,70,-70,149200,149400,2277,66923,52923,OK
189.991599,standard_deviation_activity_lots_autotrader,Tick,220,150,70,-70,149200,149400,2277,66923,52923,OK
190.247915,standard_deviation_activity_lots_autotrader,Tick,220,150,70,-70,149200,149400,2277,66923,52923,OK
190.501761,standard_deviation_activity_lots_autotrader,Tick,220,150,70,-70,149200,149400,2277,66923,52923,OK
190.786716,standard_deviation_activity_lots_autotrader,Tick,220,150,70,-70,149200,149400,2277,66923,52923,OK
191.048642,standard_deviation_activity_lots_autotrader,Tick,220,150,70,-70,149200,149400,2277,66923,52923,OK
191.20618,standard_deviation_activity_lots_autotrader,Tick,220,150,70,-70,150000,149400,2277,66923,80923,OK
191.460847,standard_deviation_activity_lots_autotrader,Tick,220,150,70,-70,150000,149400,2277,66923,80923,OK
191.719319,standard_deviation_activity_lots_autotrader,Tick,220,150,70,-70,150000,149200,2277,66923,80923,OK
192.010873,standard_deviation_activity_lots_autotrader,Tick,220,150,70,-70,149900,148800,2277,66923,80923,OK
192.262966,standard_deviation_activity_lots_autotrader,Tick,220,150,70,-70,149900,148800,2277,66923,80923,OK
192.546647,standard_deviation_activity_lots_autotrader,Tick,220,150,70,-70,149200,148800,2277,66923,80923,OK
192.815224,standard_deviation_activity_lots_autotrader,Tick,220,150,70,-70,148900,148800,2277,66923,73923,OK
192.982846,standard_deviation_activity_lots_autotrader,Tick,220,150,70,-70,148900,148800,2277,66923,73923,OK
193.205914,standard_deviation_activity_lots_autotrader,Tick,220,150,70,-70,148800,148800,2277,66923,66923,OK
193.487361,standard_deviation_activity_lots_autotrader,Tick,220,150,70,-70,148800,148800,2277,66923,66923,OK
193.770465,standard_deviation_activity_lots_autotrader,Tick,220,150,70,-70,148800,148400,2277,66923,80923,OK
193.962434,standard_deviation_activity_lots_autotrader,Tick,220,150,70,-70,148800,148300,2277,66923,80923,OK
194.302298,standard_deviation_activity_lots_autotrader,Tick,220,150,70,-70,148800,148500,2277,66923,80923,OK
194.501056,standard_deviation_activity_lots_autotrader,Tick,220,150,70,-70,148800,148500,2277,66923,80923,OK
194.763501,standard_deviation_activity_lots_autotrader,Tick,220,150,70,-70,148800,148500,2277,66923,80923,OK
195.098431,standard_deviation_activity_lots_autotrader,Tick,220,150,70,-70,148800,148400,2277,66923,80923,OK
195.302951,standard_deviation_activity_lots_autotrader,Tick,220,150,70,-70,148800,148600,2277,66923,80923,OK
195.476108,standard_deviation_activity_lots_autotrader,Tick,220,150,70,-70,148800,148600,2277,66923,80923,OK
195.778204,standard_deviation_activity_lots_autotrader,Tick,220,150,70,-70,148800,148600,2277,66923,80923,OK
195.95243,standard_deviation_activity_lots_autotrader,Tick,220,150,70,-70,148800,148500,2277,66923,80923,OK
196.279757,standard_deviation_activity_lots_autotrader,Tick,220,150,70,-70,148800,148500,2277,66923,80923,OK
196.488807,standard_deviation_activity_lots_autotrader,Tick,220,150,70,-70,148700,148500,2277,66923,80923,OK
196.768772,standard_deviation_activity_lots_autotrader,Tick,220,150,70,-70,148700,148500,2277,66923,80923,OK
197.053649,standard_deviation_activity_lots_autotrader,Tick,220,150,70,-70,148700,148500,2277,66923,80923,OK
197.277589,standard_deviation_activity_lots_autotrader,Tick,220,150,70,-70,148700,148500,2277,66923,80923,OK
197.454721,standard_deviation_activity_lots_autotrader,Tick,220,150,70,-70,148700,148500,2277,66923,80923,OK
197.78499,standard_deviation_activity_lots_autotrader,Tick,220,150,70,-70,148700,148500,2277,66923,80923,OK
198.02369,standard_deviation_activity_lots_autotrader,Tick,220,150,70,-70,148700,148500,2277,66923,80923,OK
198.209538,standard_deviation_activity_lots_autotrader,Tick,220,150,70,-70,148700,148800,2277,66923,59923,OK
198.536876,standard_deviation_activity_lots_autotrader,Tick,220,150,70,-70,148700,148800,2277,66923,59923,OK
198.781949,standard_deviation_activity_lots_autotrader,Tick,220,150,70,-70,148600,148800,2277,66923,52923,OK
198.966039,standard_deviation_activity_lots_autotrader,Tick,220,150,70,-70,148600,148500,2277,66923,73923,OK
199.236715,standard_deviation_activity_lots_autotrader,Tick,220,150,70,-70,148600,148800,2277,66923,52923,OK
199.536456,standard_deviation_activity_lots_autotrader,Tick,220,150,70,-70,148600,148800,2277,66923,52923,OK
199.763222,standard_deviation_activity_lots_autotrader,Tick,220,150,70,-70,148600,148800,2277,66923,52923,OK
199.971005,standard_deviation_activity_lots_autotrader,Tick,220,150,70,-70,148600,148800,2277,66923,52923,OK
200.259252,standard_deviation_activity_lots_autotrader,Tick,220,150,70,-70,148600,148800,2277,66923,52923,OK
200.52363,standard_deviation_activity_lots_autotrader,Tick,220,150,70,-70,148600,148600,2277,66923,66923,OK
200.721359,standard_deviation_activity_lots_autotrader,Tick,220,150,70,-70,148600,148600,2277,66923,66923,OK
200.995885,standard_deviation_activity_lots_autotrader,Tick,220,150,70,-70,148600,148600,2277,66923,66923,OK
201.223293,standard_deviation_activity_lots_autotrader,Tick,220,150,70,-70,148600,148600,2277,66923,66923,OK
201.512402,standard_deviation_activity_lots_autotrader,Tick,220,150,70,-70,148600,148500,2277,66923,73923,OK
201.740169,standard_deviation_activity_lots_autotrader,Tick,220,150,70,-70,148500,148500,2277,66923,66923,OK
202.025891,standard_deviation_activity_lots_autotrader,Tick,220,150,70,-70,149100,148500,2277,66923,80923,OK
202.301247,standard_deviation_activity_lots_autotrader,Tick,220,150,70,-70,149100,148500,2277,66923,80923,OK
202.494539,standard_deviation_activity_lots_autotrader,Tick,220,150,70,-70,149100,148400,2277,66923,80923,OK
202.733962,standard_deviation_activity_lots_autotrader,Tick,220,150,70,-70,149100,148400,2277,66923,80923,OK
202.992676,standard_deviation_activity_lots_autotrader,Tick,220,150,70,-70,149100,148400,2277,66923,80923,OK
203.296756,standard_deviation_activity_lots_autotrader,Tick,220,150,70,-70,149100,148700,2277,66923,80923,OK
203.533609,standard_deviation_activity_lots_autotrader,Tick,220,150,70,-70,149100,148800,2277,66923,80923,OK
203.725197,standard_deviation_activity_lots_autotrader,Tick,220,150,70,-70,149100,148800,2277,66923,80923,OK
